file_size_mb,cubic_baseline_mean_sec,cubic_baseline_std_sec,cubic_baseline_median_sec,reno_baseline_mean_sec,reno_baseline_std_sec,reno_baseline_median_sec,baseline_diff_ms,cubic_migration_mean_sec,cubic_migration_std_sec,reno_migration_mean_sec,reno_migration_std_sec,migration_diff_ms,cubic_overhead_mean_ms,cubic_overhead_std_ms,cubic_overhead_var_ms2,cubic_overhead_ci95_ms,reno_overhead_mean_ms,reno_overhead_std_ms,reno_overhead_var_ms2,reno_overhead_ci95_ms,overhead_diff_ms,cubic_rel_overhead_pct,reno_rel_overhead_pct
50,8.8425,0.0246,8.8349,8.8279,0.0127,8.8273,-14.61,8.8852,0.0145,8.8864,0.0176,1.21,42.66,29.33,860.0083,20.98,58.48,19.03,362.1361,13.61,15.82,0.48,0.66
100,17.6083,0.0149,17.6044,17.6069,0.0114,17.6072,-1.44,17.6660,0.0245,17.6650,0.0190,-0.97,57.67,35.76,1278.7015,25.58,58.15,18.93,358.4100,13.54,0.47,0.33,0.33
150,26.3849,0.0095,26.3823,26.3927,0.0164,26.3878,7.81,26.4421,0.0150,26.4482,0.0189,6.04,57.27,18.29,334.4358,13.08,55.50,24.14,582.8676,17.27,-1.77,0.22,0.21
200,35.1724,0.0096,35.1738,35.1845,0.0162,35.1926,12.09,35.2219,0.0262,35.2293,0.0204,7.40,49.53,29.23,854.2175,20.91,44.83,29.75,884.8747,21.28,-4.70,0.14,0.13
250,43.9554,0.0262,43.9450,43.9527,0.0241,43.9537,-2.74,43.9985,0.0094,43.9966,0.0191,-1.86,43.06,27.50,755.9793,19.67,43.94,33.83,1144.3043,24.20,0.88,0.10,0.10
300,52.7360,0.0257,52.7367,52.7297,0.0106,52.7330,-6.29,52.7870,0.0126,52.7959,0.0240,8.89,51.04,31.76,1008.3930,22.71,66.22,30.70,942.3987,21.96,15.18,0.10,0.13
350,61.5198,0.0171,61.5132,61.5165,0.0172,61.5161,-3.25,61.5642,0.0230,61.5688,0.0340,4.58,44.47,31.21,973.8840,22.32,52.31,45.31,2053.0283,32.41,7.83,0.07,0.09
400,70.3022,0.0236,70.3003,70.3039,0.0231,70.3013,1.68,70.3459,0.0266,70.3553,0.0263,9.47,43.65,30.62,937.5435,21.90,51.44,37.27,1388.6805,26.66,7.79,0.06,0.07
450,79.0639,0.0207,79.0672,79.0892,0.0301,79.0839,25.27,79.1261,0.0211,79.1364,0.0270,10.27,62.25,35.11,1232.5988,25.11,47.25,46.19,2133.3023,33.04,-15.00,0.08,0.06
500,87.8478,0.0192,87.8488,87.8738,0.0458,87.8785,25.96,87.9186,0.0232,87.9424,0.0698,23.76,70.79,34.71,1204.8897,24.83,68.60,79.63,6340.2774,56.96,-2.20,0.08,0.08
