file_size_mb,baseline_cubic_formatted,baseline_reno_formatted,baseline_diff_ms,migration_cubic_formatted,migration_reno_formatted,migration_diff_ms,overhead_cubic_formatted,overhead_reno_formatted,overhead_diff_ms,cubic_rel_overhead_pct,reno_rel_overhead_pct,cubic_baseline_mean_sec,reno_baseline_mean_sec,cubic_migration_mean_sec,reno_migration_mean_sec,cubic_overhead_mean_ms,reno_overhead_mean_ms
50,8.843 ± 0.025 s,8.828 ± 0.013 s,-14.61 ms,8.885 ± 0.015 s,8.886 ± 0.018 s,+1.21 ms,0.043 ± 0.029 s (42.7 ms),0.058 ± 0.019 s (58.5 ms),+15.82 ms,0.48%,0.66%,8.8425,8.8279,8.8852,8.8864,42.66,58.48
100,17.608 ± 0.015 s,17.607 ± 0.011 s,-1.44 ms,17.666 ± 0.024 s,17.665 ± 0.019 s,-0.97 ms,0.058 ± 0.036 s (57.7 ms),0.058 ± 0.019 s (58.1 ms),+0.47 ms,0.33%,0.33%,17.6083,17.6069,17.6660,17.6650,57.67,58.15
150,26.385 ± 0.010 s,26.393 ± 0.016 s,+7.81 ms,26.442 ± 0.015 s,26.448 ± 0.019 s,+6.04 ms,0.057 ± 0.018 s (57.3 ms),0.055 ± 0.024 s (55.5 ms),-1.77 ms,0.22%,0.21%,26.3849,26.3927,26.4421,26.4482,57.27,55.50
200,35.172 ± 0.010 s,35.184 ± 0.016 s,+12.09 ms,35.222 ± 0.026 s,35.229 ± 0.020 s,+7.40 ms,0.050 ± 0.029 s (49.5 ms),0.045 ± 0.030 s (44.8 ms),-4.70 ms,0.14%,0.13%,35.1724,35.1845,35.2219,35.2293,49.53,44.83
250,43.955 ± 0.026 s,43.953 ± 0.024 s,-2.74 ms,43.998 ± 0.009 s,43.997 ± 0.019 s,-1.86 ms,0.043 ± 0.027 s (43.1 ms),0.044 ± 0.034 s (43.9 ms),+0.88 ms,0.10%,0.10%,43.9554,43.9527,43.9985,43.9966,43.06,43.94
300,52.736 ± 0.026 s,52.730 ± 0.011 s,-6.29 ms,52.787 ± 0.013 s,52.796 ± 0.024 s,+8.89 ms,0.051 ± 0.032 s (51.0 ms),0.066 ± 0.031 s (66.2 ms),+15.18 ms,0.10%,0.13%,52.7360,52.7297,52.7870,52.7959,51.04,66.22
350,61.520 ± 0.017 s,61.517 ± 0.017 s,-3.25 ms,61.564 ± 0.023 s,61.569 ± 0.034 s,+4.58 ms,0.044 ± 0.031 s (44.5 ms),0.052 ± 0.045 s (52.3 ms),+7.83 ms,0.07%,0.09%,61.5198,61.5165,61.5642,61.5688,44.47,52.31
400,70.302 ± 0.024 s,70.304 ± 0.023 s,+1.68 ms,70.346 ± 0.027 s,70.355 ± 0.026 s,+9.47 ms,0.044 ± 0.031 s (43.6 ms),0.051 ± 0.037 s (51.4 ms),+7.79 ms,0.06%,0.07%,70.3022,70.3039,70.3459,70.3553,43.65,51.44
450,79.064 ± 0.021 s,79.089 ± 0.030 s,+25.27 ms,79.126 ± 0.021 s,79.136 ± 0.027 s,+10.27 ms,0.062 ± 0.035 s (62.3 ms),0.047 ± 0.046 s (47.2 ms),-15.00 ms,0.08%,0.06%,79.0639,79.0892,79.1261,79.1364,62.25,47.25
500,87.848 ± 0.019 s,87.874 ± 0.046 s,+25.96 ms,87.919 ± 0.023 s,87.942 ± 0.070 s,+23.76 ms,0.071 ± 0.035 s (70.8 ms),0.069 ± 0.080 s (68.6 ms),-2.20 ms,0.08%,0.08%,87.8478,87.8738,87.9186,87.9424,70.79,68.60
