timestamp,configured_rate,configured_latency,configured_jitter,configured_loss,cwnd_mode,file_size_mb,baseline_time_sec,migration_time_sec,overhead_sec
2026-09-22 19:05:17,50mbit,0ms,0ms,0%,cubic,350,61.533264166,61.544661818,.011397652
2026-09-22 19:07:31,50mbit,0ms,0ms,0%,cubic,350,61.548969007,61.548084837,-.000884170
2026-09-22 19:09:54,50mbit,0ms,0ms,0%,cubic,350,61.541782285,61.576683575,.034901290
2026-09-22 19:12:08,50mbit,0ms,0ms,0%,cubic,350,61.528807374,61.571351962,.042544588
2026-09-22 19:14:22,50mbit,0ms,0ms,0%,cubic,350,61.515573446,61.551179771,.035606325
2026-09-22 19:16:35,50mbit,0ms,0ms,0%,cubic,350,61.504577009,61.611620217,.107043208
2026-09-22 19:18:48,50mbit,0ms,0ms,0%,cubic,350,61.510784656,61.563476774,.052692118
2026-09-22 19:21:02,50mbit,0ms,0ms,0%,cubic,350,61.503027490,61.534858516,.031831026
2026-09-22 19:23:15,50mbit,0ms,0ms,0%,cubic,350,61.506821378,61.586964074,.080142696
2026-09-22 19:25:29,50mbit,0ms,0ms,0%,cubic,350,61.504018680,61.553493504,.049474824
