timestamp,session_type,cwnd_segments
1790099539.381340997,Phase1_Baseline,29
1790099539.454614095,Phase1_Baseline,43
1790099539.531021283,Phase1_Baseline,58
1790099539.617833213,Phase1_Baseline,42
1790099539.699704962,Phase1_Baseline,31
1790099539.784040029,Phase1_Baseline,35
1790099539.866764689,Phase1_Baseline,39
1790099539.945522684,Phase1_Baseline,44
1790099540.019570486,Phase1_Baseline,47
1790099540.091255342,Phase1_Baseline,50
1790099540.154327417,Phase1_Baseline,52
1790099540.231428947,Phase1_Baseline,39
1790099540.310699655,Phase1_Baseline,42
1790099540.376383459,Phase1_Baseline,46
1790099540.456963488,Phase1_Baseline,49
1790099540.526415694,Phase1_Baseline,52
1790099540.599730638,Phase1_Baseline,38
1790099540.688133077,Phase1_Baseline,41
1790099540.772542957,Phase1_Baseline,44
1790099540.843995534,Phase1_Baseline,48
1790099540.926583346,Phase1_Baseline,52
1790099540.998838905,Phase1_Baseline,38
1790099541.086131304,Phase1_Baseline,42
1790099541.168602166,Phase1_Baseline,46
1790099541.249139188,Phase1_Baseline,49
1790099541.329192373,Phase1_Baseline,52
1790099541.407769743,Phase1_Baseline,39
1790099541.491165498,Phase1_Baseline,42
1790099541.581383116,Phase1_Baseline,47
1790099541.659593002,Phase1_Baseline,50
1790099541.738903853,Phase1_Baseline,37
1790099541.817963277,Phase1_Baseline,41
1790099541.907139624,Phase1_Baseline,45
1790099541.991474430,Phase1_Baseline,33
1790099542.075449956,Phase1_Baseline,37
1790099542.164840889,Phase1_Baseline,43
1790099542.245383418,Phase1_Baseline,47
1790099542.325828780,Phase1_Baseline,34
1790099542.422974760,Phase1_Baseline,38
1790099542.479143239,Phase1_Baseline,41
1790099542.534486777,Phase1_Baseline,44
1790099542.602832919,Phase1_Baseline,47
1790099542.681411687,Phase1_Baseline,50
1790099542.744057902,Phase1_Baseline,37
1790099542.829218131,Phase1_Baseline,39
1790099542.905923843,Phase1_Baseline,44
1790099542.983176444,Phase1_Baseline,47
1790099543.068859251,Phase1_Baseline,51
1790099543.155825612,Phase1_Baseline,37
1790099543.245354487,Phase1_Baseline,39
1790099543.330464326,Phase1_Baseline,44
1790099543.421604886,Phase1_Baseline,48
1790099543.506264855,Phase1_Baseline,52
1790099543.592104945,Phase1_Baseline,39
1790099543.674091472,Phase1_Baseline,44
1790099543.755608644,Phase1_Baseline,46
1790099543.929545624,Phase2_Migrated,37
1790099544.023510538,Phase2_Migrated,56
1790099544.117225359,Phase2_Migrated,42
1790099544.214827963,Phase2_Migrated,47
1790099544.311152099,Phase2_Migrated,36
1790099544.405900189,Phase2_Migrated,41
1790099544.501238591,Phase2_Migrated,46
1790099544.599441816,Phase2_Migrated,34
1790099544.695551538,Phase2_Migrated,40
1790099544.794959844,Phase2_Migrated,45
1790099544.893688034,Phase2_Migrated,33
1790099544.976094854,Phase2_Migrated,36
1790099545.067362396,Phase2_Migrated,42
1790099545.162127558,Phase2_Migrated,47
1790099545.261176870,Phase2_Migrated,51
1790099545.353720714,Phase2_Migrated,38
1790099545.443466738,Phase2_Migrated,42
1790099545.534913589,Phase2_Migrated,47
1790099545.623264585,Phase2_Migrated,51
1790099545.719252033,Phase2_Migrated,37
1790099545.801902828,Phase2_Migrated,40
1790099545.876217610,Phase2_Migrated,44
1790099545.946198137,Phase2_Migrated,47
1790099546.038924212,Phase2_Migrated,35
1790099546.131501276,Phase2_Migrated,40
1790099546.224715108,Phase2_Migrated,44
1790099546.314894817,Phase2_Migrated,48
1790099546.378674311,Phase2_Migrated,36
1790099546.459361500,Phase2_Migrated,39
1790099546.550236869,Phase2_Migrated,45
1790099546.632073179,Phase2_Migrated,49
1790099546.728845595,Phase2_Migrated,52
1790099546.815928640,Phase2_Migrated,38
1790099546.886773136,Phase2_Migrated,42
1790099546.987260441,Phase2_Migrated,46
1790099547.069037758,Phase2_Migrated,51
1790099547.167241532,Phase2_Migrated,54
1790099547.261950631,Phase2_Migrated,39
1790099547.353296825,Phase2_Migrated,45
1790099547.444438669,Phase2_Migrated,33
1790099547.527024455,Phase2_Migrated,37
1790099547.607883169,Phase2_Migrated,41
1790099547.694607591,Phase2_Migrated,46
1790099547.791036331,Phase2_Migrated,34
1790099547.882950668,Phase2_Migrated,40
1790099547.977464161,Phase2_Migrated,45
1790099548.073123439,Phase2_Migrated,35
1790099548.799630598,Uninterrupted_Baseline,27
1790099548.886430015,Uninterrupted_Baseline,43
1790099548.964162073,Uninterrupted_Baseline,58
1790099549.039944630,Uninterrupted_Baseline,75
1790099549.124635703,Uninterrupted_Baseline,58
1790099549.188487876,Uninterrupted_Baseline,59
1790099549.259834179,Uninterrupted_Baseline,43
1790099549.347105984,Uninterrupted_Baseline,47
1790099549.428605722,Uninterrupted_Baseline,49
1790099549.508906847,Uninterrupted_Baseline,53
1790099549.578571158,Uninterrupted_Baseline,38
1790099549.664943451,Uninterrupted_Baseline,42
1790099549.724141317,Uninterrupted_Baseline,45
1790099549.777323736,Uninterrupted_Baseline,48
1790099549.860542991,Uninterrupted_Baseline,50
1790099549.942611704,Uninterrupted_Baseline,37
1790099550.030711116,Uninterrupted_Baseline,41
1790099550.108214638,Uninterrupted_Baseline,45
1790099550.191531664,Uninterrupted_Baseline,49
1790099550.278489025,Uninterrupted_Baseline,51
1790099550.361738005,Uninterrupted_Baseline,38
1790099550.444357137,Uninterrupted_Baseline,42
1790099550.522872802,Uninterrupted_Baseline,45
1790099550.577975589,Uninterrupted_Baseline,48
1790099550.666691440,Uninterrupted_Baseline,51
1790099550.744704469,Uninterrupted_Baseline,38
1790099550.825155841,Uninterrupted_Baseline,41
1790099550.909021293,Uninterrupted_Baseline,45
1790099550.982890282,Uninterrupted_Baseline,34
1790099551.070797831,Uninterrupted_Baseline,38
1790099551.156525810,Uninterrupted_Baseline,42
1790099551.243153213,Uninterrupted_Baseline,46
1790099551.327193519,Uninterrupted_Baseline,50
1790099551.404177914,Uninterrupted_Baseline,53
1790099551.485833762,Uninterrupted_Baseline,39
1790099551.569978047,Uninterrupted_Baseline,43
1790099551.643433811,Uninterrupted_Baseline,47
1790099551.732848469,Uninterrupted_Baseline,51
1790099551.813236978,Uninterrupted_Baseline,37
1790099551.875512917,Uninterrupted_Baseline,39
1790099551.934389313,Uninterrupted_Baseline,42
1790099552.017103952,Uninterrupted_Baseline,46
1790099552.080801328,Uninterrupted_Baseline,49
1790099552.151093565,Uninterrupted_Baseline,52
1790099552.222891660,Uninterrupted_Baseline,37
1790099552.306998419,Uninterrupted_Baseline,40
1790099552.385340360,Uninterrupted_Baseline,45
1790099552.452857684,Uninterrupted_Baseline,47
1790099552.539238168,Uninterrupted_Baseline,49
1790099552.620345712,Uninterrupted_Baseline,53
1790099552.689087486,Uninterrupted_Baseline,38
1790099552.760154443,Uninterrupted_Baseline,40
1790099552.843399269,Uninterrupted_Baseline,45
1790099552.923362420,Uninterrupted_Baseline,33
1790099553.010080080,Uninterrupted_Baseline,38
1790099553.090856123,Uninterrupted_Baseline,43
1790099553.175572388,Uninterrupted_Baseline,46
1790099553.257019675,Uninterrupted_Baseline,35
1790099553.340549907,Uninterrupted_Baseline,40
1790099553.420210707,Uninterrupted_Baseline,44
1790099553.508752922,Uninterrupted_Baseline,33
1790099553.595321704,Uninterrupted_Baseline,37
1790099553.674027160,Uninterrupted_Baseline,40
1790099553.758602876,Uninterrupted_Baseline,46
1790099553.836609966,Uninterrupted_Baseline,34
1790099553.923789293,Uninterrupted_Baseline,39
1790099554.010828797,Uninterrupted_Baseline,43
1790099554.076078149,Uninterrupted_Baseline,24
1790099554.149918974,Uninterrupted_Baseline,35
1790099554.229883551,Uninterrupted_Baseline,39
1790099554.289628494,Uninterrupted_Baseline,43
1790099554.379185544,Uninterrupted_Baseline,48
1790099554.461924064,Uninterrupted_Baseline,49
1790099554.543069108,Uninterrupted_Baseline,53
1790099554.629102983,Uninterrupted_Baseline,39
1790099554.718218035,Uninterrupted_Baseline,44
1790099554.801091061,Uninterrupted_Baseline,48
1790099554.884995082,Uninterrupted_Baseline,51
1790099554.955603340,Uninterrupted_Baseline,37
1790099555.019627483,Uninterrupted_Baseline,39
1790099555.081213070,Uninterrupted_Baseline,42
1790099555.141058137,Uninterrupted_Baseline,45
1790099555.227847079,Uninterrupted_Baseline,49
1790099555.307465565,Uninterrupted_Baseline,52
1790099555.377332026,Uninterrupted_Baseline,38
1790099555.439987709,Uninterrupted_Baseline,41
1790099555.521392902,Uninterrupted_Baseline,45
1790099555.583668686,Uninterrupted_Baseline,47
1790099555.654726356,Uninterrupted_Baseline,51
1790099555.728874918,Uninterrupted_Baseline,53
1790099555.806412011,Uninterrupted_Baseline,39
1790099555.885318859,Uninterrupted_Baseline,43
1790099555.964461399,Uninterrupted_Baseline,47
1790099556.043632159,Uninterrupted_Baseline,50
1790099556.124730868,Uninterrupted_Baseline,53
1790099556.212034685,Uninterrupted_Baseline,39
1790099556.304964189,Uninterrupted_Baseline,44
1790099556.389372114,Uninterrupted_Baseline,47
1790099556.470378823,Uninterrupted_Baseline,51
1790099556.554426691,Uninterrupted_Baseline,37
1790099556.639074839,Uninterrupted_Baseline,40
1790099556.721980899,Uninterrupted_Baseline,45
1790099556.806108287,Uninterrupted_Baseline,49
1790099556.888447523,Uninterrupted_Baseline,52
1790099556.972506709,Uninterrupted_Baseline,38
1790099557.051243284,Uninterrupted_Baseline,42
1790099557.112517984,Uninterrupted_Baseline,45
1790099557.179343078,Uninterrupted_Baseline,49
1790099557.259887653,Uninterrupted_Baseline,51
1790099557.344960078,Uninterrupted_Baseline,38
1790099557.430269473,Uninterrupted_Baseline,42
1790099565.448170287,Phase1_Baseline,20
1790099565.533489720,Phase1_Baseline,43
1790099565.622205089,Phase1_Baseline,56
1790099565.707754799,Phase1_Baseline,58
1790099565.788998070,Phase1_Baseline,42
1790099565.878763171,Phase1_Baseline,47
1790099565.963434710,Phase1_Baseline,50
1790099566.055344213,Phase1_Baseline,38
1790099566.143738282,Phase1_Baseline,40
1790099566.229520392,Phase1_Baseline,45
1790099566.308536604,Phase1_Baseline,34
1790099566.373454658,Phase1_Baseline,37
1790099566.464610702,Phase1_Baseline,41
1790099566.544440110,Phase1_Baseline,46
1790099566.626831471,Phase1_Baseline,49
1790099566.699624174,Phase1_Baseline,52
1790099566.779674266,Phase1_Baseline,38
1790099566.858555169,Phase1_Baseline,41
1790099566.944066932,Phase1_Baseline,45
1790099567.032852333,Phase1_Baseline,49
1790099567.113227476,Phase1_Baseline,52
1790099567.186199212,Phase1_Baseline,54
1790099567.261560201,Phase1_Baseline,39
1790099567.333508234,Phase1_Baseline,42
1790099567.408976073,Phase1_Baseline,47
1790099567.506552624,Phase1_Baseline,50
1790099567.593763184,Phase1_Baseline,37
1790099567.685020841,Phase1_Baseline,40
1790099567.760151376,Phase1_Baseline,44
1790099567.848001209,Phase1_Baseline,49
1790099567.941084854,Phase1_Baseline,52
1790099568.017833708,Phase1_Baseline,37
1790099568.078506898,Phase1_Baseline,39
1790099568.157121067,Phase1_Baseline,44
1790099568.235362773,Phase1_Baseline,48
1790099568.304854512,Phase1_Baseline,51
1790099568.366878865,Phase1_Baseline,52
1790099568.436097636,Phase1_Baseline,38
1790099568.486600639,Phase1_Baseline,39
1790099568.542385485,Phase1_Baseline,43
1790099568.599072880,Phase1_Baseline,47
1790099568.655839361,Phase1_Baseline,49
1790099568.736399080,Phase1_Baseline,51
1790099568.815942675,Phase1_Baseline,38
1790099568.871924534,Phase1_Baseline,39
1790099568.941863552,Phase1_Baseline,44
1790099569.018509337,Phase1_Baseline,47
1790099569.092946220,Phase1_Baseline,50
1790099569.151437870,Phase1_Baseline,37
1790099569.223698311,Phase1_Baseline,40
1790099569.285882049,Phase1_Baseline,45
1790099569.356547887,Phase1_Baseline,47
1790099569.436583221,Phase1_Baseline,34
1790099569.518867806,Phase1_Baseline,39
1790099569.602041929,Phase1_Baseline,43
1790099569.674112878,Phase1_Baseline,47
1790099569.746888964,Phase1_Baseline,49
1790099569.830544377,Phase1_Baseline,53
1790099570.013914668,Phase2_Migrated,43
1790099570.098374339,Phase2_Migrated,57
1790099570.180392606,Phase2_Migrated,40
1790099570.268143779,Phase2_Migrated,43
1790099570.359268116,Phase2_Migrated,47
1790099570.457128637,Phase2_Migrated,52
1790099570.549719074,Phase2_Migrated,38
1790099570.639015388,Phase2_Migrated,43
1790099570.733308114,Phase2_Migrated,33
1790099570.813845706,Phase2_Migrated,36
1790099570.918911888,Phase2_Migrated,42
1790099571.018020795,Phase2_Migrated,47
1790099571.120003175,Phase2_Migrated,52
1790099571.220924071,Phase2_Migrated,38
1790099571.326304780,Phase2_Migrated,41
1790099571.421508945,Phase2_Migrated,46
1790099571.519400204,Phase2_Migrated,35
1790099571.617410197,Phase2_Migrated,40
1790099571.691069612,Phase2_Migrated,45
1790099571.786164598,Phase2_Migrated,49
1790099571.881395567,Phase2_Migrated,52
1790099571.977243738,Phase2_Migrated,38
1790099572.070753687,Phase2_Migrated,42
1790099572.166642708,Phase2_Migrated,46
1790099572.260872595,Phase2_Migrated,49
1790099572.339153621,Phase2_Migrated,36
1790099572.431319003,Phase2_Migrated,41
1790099572.510014038,Phase2_Migrated,44
1790099572.600491198,Phase2_Migrated,49
1790099572.679594129,Phase2_Migrated,52
1790099572.773585396,Phase2_Migrated,38
1790099572.867388324,Phase2_Migrated,42
1790099572.963849727,Phase2_Migrated,47
1790099573.059220552,Phase2_Migrated,34
1790099573.150040176,Phase2_Migrated,40
1790099573.238299146,Phase2_Migrated,44
1790099573.325735673,Phase2_Migrated,48
1790099573.416356509,Phase2_Migrated,51
1790099573.509311922,Phase2_Migrated,38
1790099573.598393149,Phase2_Migrated,42
1790099573.695567066,Phase2_Migrated,47
1790099573.792340356,Phase2_Migrated,51
1790099573.884891541,Phase2_Migrated,38
1790099573.983725095,Phase2_Migrated,42
1790099574.086233992,Phase2_Migrated,48
1790099574.170267194,Phase2_Migrated,51
1790099574.947524057,Uninterrupted_Baseline,35
1790099575.011556451,Uninterrupted_Baseline,49
1790099575.088728548,Uninterrupted_Baseline,66
1790099575.166789191,Uninterrupted_Baseline,82
1790099575.246586423,Uninterrupted_Baseline,58
1790099575.321845470,Uninterrupted_Baseline,41
1790099575.403789291,Uninterrupted_Baseline,45
1790099575.487942089,Uninterrupted_Baseline,48
1790099575.576092760,Uninterrupted_Baseline,51
1790099575.659208620,Uninterrupted_Baseline,38
1790099575.739612187,Uninterrupted_Baseline,41
1790099575.822424906,Uninterrupted_Baseline,45
1790099575.908125033,Uninterrupted_Baseline,49
1790099575.994314201,Uninterrupted_Baseline,52
1790099576.073746399,Uninterrupted_Baseline,39
1790099576.154341288,Uninterrupted_Baseline,42
1790099576.231367368,Uninterrupted_Baseline,47
1790099576.316711482,Uninterrupted_Baseline,51
1790099576.403492191,Uninterrupted_Baseline,54
1790099576.482738081,Uninterrupted_Baseline,39
1790099576.565692453,Uninterrupted_Baseline,43
1790099576.645336592,Uninterrupted_Baseline,46
1790099576.725891730,Uninterrupted_Baseline,50
1790099576.806510639,Uninterrupted_Baseline,53
1790099576.867119329,Uninterrupted_Baseline,38
1790099576.929018212,Uninterrupted_Baseline,40
1790099577.013738707,Uninterrupted_Baseline,44
1790099577.094101879,Uninterrupted_Baseline,48
1790099577.166209810,Uninterrupted_Baseline,51
1790099577.247429694,Uninterrupted_Baseline,37
1790099577.322348039,Uninterrupted_Baseline,40
1790099577.406086732,Uninterrupted_Baseline,44
1790099577.481989271,Uninterrupted_Baseline,48
1790099577.566268281,Uninterrupted_Baseline,51
1790099577.648454255,Uninterrupted_Baseline,38
1790099577.731329614,Uninterrupted_Baseline,42
1790099577.808870134,Uninterrupted_Baseline,45
1790099577.876755575,Uninterrupted_Baseline,48
1790099577.949356926,Uninterrupted_Baseline,51
1790099578.029510024,Uninterrupted_Baseline,37
1790099578.088457218,Uninterrupted_Baseline,39
1790099578.162159896,Uninterrupted_Baseline,43
1790099578.240248883,Uninterrupted_Baseline,47
1790099578.316215003,Uninterrupted_Baseline,50
1790099578.399369138,Uninterrupted_Baseline,53
1790099578.452343814,Uninterrupted_Baseline,38
1790099578.501345679,Uninterrupted_Baseline,39
1790099578.552258980,Uninterrupted_Baseline,42
1790099578.608717152,Uninterrupted_Baseline,45
1790099578.673425533,Uninterrupted_Baseline,49
1790099578.752708539,Uninterrupted_Baseline,51
1790099578.835864062,Uninterrupted_Baseline,38
1790099578.918341718,Uninterrupted_Baseline,41
1790099578.997242031,Uninterrupted_Baseline,45
1790099579.083018424,Uninterrupted_Baseline,33
1790099579.162200759,Uninterrupted_Baseline,37
1790099579.236511317,Uninterrupted_Baseline,41
1790099579.290636735,Uninterrupted_Baseline,43
1790099579.366387547,Uninterrupted_Baseline,48
1790099579.455201941,Uninterrupted_Baseline,51
1790099579.541034930,Uninterrupted_Baseline,38
1790099579.627863413,Uninterrupted_Baseline,41
1790099579.713834659,Uninterrupted_Baseline,46
1790099579.779460653,Uninterrupted_Baseline,48
1790099579.858400701,Uninterrupted_Baseline,51
1790099579.942146976,Uninterrupted_Baseline,38
1790099580.027377973,Uninterrupted_Baseline,41
1790099580.112090982,Uninterrupted_Baseline,45
1790099580.196239467,Uninterrupted_Baseline,49
1790099580.274544597,Uninterrupted_Baseline,52
1790099580.372857865,Uninterrupted_Baseline,38
1790099580.434930742,Uninterrupted_Baseline,40
1790099580.489473333,Uninterrupted_Baseline,42
1790099580.545694643,Uninterrupted_Baseline,46
1790099580.625361365,Uninterrupted_Baseline,35
1790099580.713120889,Uninterrupted_Baseline,40
1790099580.781399757,Uninterrupted_Baseline,29
1790099580.843106397,Uninterrupted_Baseline,33
1790099580.915997189,Uninterrupted_Baseline,37
1790099581.000470584,Uninterrupted_Baseline,43
1790099581.077824191,Uninterrupted_Baseline,46
1790099581.156532702,Uninterrupted_Baseline,49
1790099581.245496518,Uninterrupted_Baseline,52
1790099581.321268849,Uninterrupted_Baseline,38
1790099581.396926206,Uninterrupted_Baseline,41
1790099581.452406498,Uninterrupted_Baseline,44
1790099581.515745685,Uninterrupted_Baseline,47
1790099581.592715098,Uninterrupted_Baseline,35
1790099581.672110584,Uninterrupted_Baseline,39
1790099581.752931275,Uninterrupted_Baseline,42
1790099581.834017568,Uninterrupted_Baseline,46
1790099581.899797009,Uninterrupted_Baseline,49
1790099581.985226319,Uninterrupted_Baseline,53
1790099582.067902558,Uninterrupted_Baseline,39
1790099582.147641198,Uninterrupted_Baseline,42
1790099582.233378482,Uninterrupted_Baseline,46
1790099582.315119051,Uninterrupted_Baseline,50
1790099582.384920244,Uninterrupted_Baseline,52
1790099582.444875104,Uninterrupted_Baseline,55
1790099582.518023097,Uninterrupted_Baseline,40
1790099582.600546028,Uninterrupted_Baseline,44
1790099582.677186414,Uninterrupted_Baseline,47
1790099582.753820587,Uninterrupted_Baseline,49
1790099582.825719389,Uninterrupted_Baseline,53
1790099582.892347220,Uninterrupted_Baseline,38
1790099582.974465031,Uninterrupted_Baseline,42
1790099583.062058777,Uninterrupted_Baseline,46
1790099583.152133022,Uninterrupted_Baseline,51
1790099583.237680344,Uninterrupted_Baseline,53
1790099583.309114670,Uninterrupted_Baseline,39
1790099583.389556537,Uninterrupted_Baseline,43
1790099583.468072106,Uninterrupted_Baseline,47
1790099583.546682876,Uninterrupted_Baseline,50
1790099591.682788922,Phase1_Baseline,41
1790099591.767382660,Phase1_Baseline,57
1790099591.848973634,Phase1_Baseline,42
1790099591.932746572,Phase1_Baseline,47
1790099592.019640985,Phase1_Baseline,34
1790099592.081124462,Phase1_Baseline,36
1790099592.173634310,Phase1_Baseline,41
1790099592.255768335,Phase1_Baseline,46
1790099592.340259109,Phase1_Baseline,50
1790099592.426012418,Phase1_Baseline,37
1790099592.511048737,Phase1_Baseline,40
1790099592.589533282,Phase1_Baseline,44
1790099592.666826272,Phase1_Baseline,47
1790099592.739828387,Phase1_Baseline,35
1790099592.803097194,Phase1_Baseline,38
1790099592.889154182,Phase1_Baseline,44
1790099592.982869122,Phase1_Baseline,47
1790099593.050337233,Phase1_Baseline,51
1790099593.112859797,Phase1_Baseline,52
1790099593.188052814,Phase1_Baseline,38
1790099593.268278301,Phase1_Baseline,42
1790099593.343910346,Phase1_Baseline,47
1790099593.408793596,Phase1_Baseline,49
1790099593.495128241,Phase1_Baseline,53
1790099593.574577823,Phase1_Baseline,38
1790099593.657967060,Phase1_Baseline,41
1790099593.752033963,Phase1_Baseline,47
1790099593.837842966,Phase1_Baseline,34
1790099593.924158157,Phase1_Baseline,40
1790099593.996798518,Phase1_Baseline,43
1790099594.078798495,Phase1_Baseline,33
1790099594.150683096,Phase1_Baseline,36
1790099594.230338013,Phase1_Baseline,40
1790099594.294142699,Phase1_Baseline,44
1790099594.375722944,Phase1_Baseline,47
1790099594.454874073,Phase1_Baseline,50
1790099594.533814890,Phase1_Baseline,53
1790099594.608246035,Phase1_Baseline,39
1790099594.677377936,Phase1_Baseline,42
1790099594.766534891,Phase1_Baseline,47
1790099594.819685572,Phase1_Baseline,49
1790099594.876037424,Phase1_Baseline,50
1790099594.932133118,Phase1_Baseline,53
1790099595.015184950,Phase1_Baseline,39
1790099595.098992320,Phase1_Baseline,42
1790099595.176253532,Phase1_Baseline,46
1790099595.258502191,Phase1_Baseline,50
1790099595.342232840,Phase1_Baseline,53
1790099595.423157977,Phase1_Baseline,38
1790099595.512920159,Phase1_Baseline,42
1790099595.590713385,Phase1_Baseline,46
1790099595.678495964,Phase1_Baseline,49
1790099595.759278214,Phase1_Baseline,52
1790099595.839356349,Phase1_Baseline,38
1790099595.916482317,Phase1_Baseline,42
1790099596.000605909,Phase1_Baseline,46
1790099596.156896255,Phase2_Migrated,34
1790099596.235459890,Phase2_Migrated,51
1790099596.310954027,Phase2_Migrated,41
1790099596.404973351,Phase2_Migrated,44
1790099596.479605557,Phase2_Migrated,33
1790099596.566717503,Phase2_Migrated,38
1790099596.654880189,Phase2_Migrated,42
1790099596.745474379,Phase2_Migrated,47
1790099596.836338864,Phase2_Migrated,49
1790099596.914944582,Phase2_Migrated,53
1790099597.010971679,Phase2_Migrated,39
1790099597.110069557,Phase2_Migrated,45
1790099597.208852166,Phase2_Migrated,49
1790099597.309613631,Phase2_Migrated,52
1790099597.400760585,Phase2_Migrated,38
1790099597.499430703,Phase2_Migrated,43
1790099597.598388460,Phase2_Migrated,48
1790099597.691740667,Phase2_Migrated,52
1790099597.779276461,Phase2_Migrated,38
1790099597.884526824,Phase2_Migrated,43
1790099597.981638055,Phase2_Migrated,49
1790099598.073135236,Phase2_Migrated,52
1790099598.179773905,Phase2_Migrated,39
1790099598.275931915,Phase2_Migrated,43
1790099598.353986139,Phase2_Migrated,47
1790099598.424473337,Phase2_Migrated,49
1790099598.486506541,Phase2_Migrated,52
1790099598.556783905,Phase2_Migrated,37
1790099598.629386068,Phase2_Migrated,40
1790099598.719892402,Phase2_Migrated,44
1790099598.807271147,Phase2_Migrated,48
1790099598.897955009,Phase2_Migrated,52
1790099598.990786661,Phase2_Migrated,39
1790099599.089445737,Phase2_Migrated,44
1790099599.179862662,Phase2_Migrated,48
1790099599.250136870,Phase2_Migrated,51
1790099599.334016640,Phase2_Migrated,53
1790099599.416513418,Phase2_Migrated,39
1790099599.503745534,Phase2_Migrated,45
1790099599.568616149,Phase2_Migrated,47
1790099599.658501785,Phase2_Migrated,51
1790099599.754045783,Phase2_Migrated,38
1790099599.843383157,Phase2_Migrated,42
1790099599.946984382,Phase2_Migrated,47
1790099600.033053607,Phase2_Migrated,50
1790099600.115674482,Phase2_Migrated,54
1790099600.201096551,Phase2_Migrated,40
1790099600.297244065,Phase2_Migrated,44
1790099601.122590359,Uninterrupted_Baseline,41
1790099601.193885651,Uninterrupted_Baseline,57
1790099601.267980478,Uninterrupted_Baseline,71
1790099601.331804958,Uninterrupted_Baseline,57
1790099601.410579494,Uninterrupted_Baseline,58
1790099601.489051404,Uninterrupted_Baseline,41
1790099601.566110175,Uninterrupted_Baseline,45
1790099601.654400869,Uninterrupted_Baseline,48
1790099601.736443408,Uninterrupted_Baseline,52
1790099601.816142928,Uninterrupted_Baseline,38
1790099601.900514415,Uninterrupted_Baseline,41
1790099601.973799986,Uninterrupted_Baseline,45
1790099602.062967763,Uninterrupted_Baseline,49
1790099602.153216504,Uninterrupted_Baseline,53
1790099602.237345765,Uninterrupted_Baseline,39
1790099602.315160173,Uninterrupted_Baseline,44
1790099602.404477775,Uninterrupted_Baseline,48
1790099602.499209427,Uninterrupted_Baseline,51
1790099602.573033608,Uninterrupted_Baseline,37
1790099602.655187041,Uninterrupted_Baseline,40
1790099602.734801319,Uninterrupted_Baseline,45
1790099602.800028392,Uninterrupted_Baseline,47
1790099602.876264567,Uninterrupted_Baseline,51
1790099602.953479700,Uninterrupted_Baseline,53
1790099603.021827392,Uninterrupted_Baseline,39
1790099603.093815464,Uninterrupted_Baseline,42
1790099603.179317815,Uninterrupted_Baseline,47
1790099603.260779282,Uninterrupted_Baseline,51
1790099603.349443704,Uninterrupted_Baseline,54
1790099603.435691376,Uninterrupted_Baseline,39
1790099603.525118480,Uninterrupted_Baseline,43
1790099603.613826827,Uninterrupted_Baseline,32
1790099603.702493389,Uninterrupted_Baseline,37
1790099603.791900837,Uninterrupted_Baseline,41
1790099603.880602890,Uninterrupted_Baseline,46
1790099603.968917568,Uninterrupted_Baseline,49
1790099604.057400728,Uninterrupted_Baseline,53
1790099604.144937270,Uninterrupted_Baseline,39
1790099604.226707058,Uninterrupted_Baseline,42
1790099604.313683943,Uninterrupted_Baseline,47
1790099604.380521488,Uninterrupted_Baseline,50
1790099604.454444941,Uninterrupted_Baseline,52
1790099604.521624926,Uninterrupted_Baseline,37
1790099604.587466012,Uninterrupted_Baseline,39
1790099604.666917841,Uninterrupted_Baseline,43
1790099604.744166481,Uninterrupted_Baseline,46
1790099604.828626428,Uninterrupted_Baseline,49
1790099604.891671545,Uninterrupted_Baseline,52
1790099604.946327817,Uninterrupted_Baseline,37
1790099605.023155561,Uninterrupted_Baseline,39
1790099605.088493048,Uninterrupted_Baseline,43
1790099605.153530931,Uninterrupted_Baseline,47
1790099605.240672354,Uninterrupted_Baseline,51
1790099605.320847541,Uninterrupted_Baseline,37
1790099605.405061037,Uninterrupted_Baseline,39
1790099605.486587032,Uninterrupted_Baseline,44
1790099605.571708639,Uninterrupted_Baseline,48
1790099605.651643473,Uninterrupted_Baseline,50
1790099605.732513482,Uninterrupted_Baseline,37
1790099605.818722611,Uninterrupted_Baseline,40
1790099605.907158129,Uninterrupted_Baseline,45
1790099605.992198076,Uninterrupted_Baseline,49
1790099606.082448494,Uninterrupted_Baseline,52
1790099606.167941619,Uninterrupted_Baseline,38
1790099606.251503456,Uninterrupted_Baseline,42
1790099606.336047559,Uninterrupted_Baseline,46
1790099606.424737199,Uninterrupted_Baseline,50
1790099606.510212901,Uninterrupted_Baseline,53
1790099606.598092244,Uninterrupted_Baseline,39
1790099606.676231240,Uninterrupted_Baseline,45
1790099606.760576229,Uninterrupted_Baseline,48
1790099606.842967705,Uninterrupted_Baseline,51
1790099606.919521524,Uninterrupted_Baseline,37
1790099607.006044844,Uninterrupted_Baseline,41
1790099607.089021015,Uninterrupted_Baseline,46
1790099607.177082997,Uninterrupted_Baseline,50
1790099607.257580638,Uninterrupted_Baseline,51
1790099607.325967895,Uninterrupted_Baseline,38
1790099607.403034202,Uninterrupted_Baseline,40
1790099607.453717629,Uninterrupted_Baseline,43
1790099607.516050206,Uninterrupted_Baseline,46
1790099607.587283194,Uninterrupted_Baseline,49
1790099607.661199230,Uninterrupted_Baseline,51
1790099607.753544364,Uninterrupted_Baseline,38
1790099607.828109254,Uninterrupted_Baseline,42
1790099607.910467615,Uninterrupted_Baseline,45
1790099607.998326714,Uninterrupted_Baseline,49
1790099608.080110826,Uninterrupted_Baseline,53
1790099608.174626226,Uninterrupted_Baseline,39
1790099608.259677218,Uninterrupted_Baseline,44
1790099608.339443810,Uninterrupted_Baseline,46
1790099608.404438075,Uninterrupted_Baseline,49
1790099608.465487853,Uninterrupted_Baseline,52
1790099608.523772534,Uninterrupted_Baseline,38
1790099608.591824615,Uninterrupted_Baseline,39
1790099608.662050958,Uninterrupted_Baseline,44
1790099608.742516472,Uninterrupted_Baseline,47
1790099608.816396686,Uninterrupted_Baseline,51
1790099608.903479601,Uninterrupted_Baseline,37
1790099608.970017229,Uninterrupted_Baseline,39
1790099609.052388975,Uninterrupted_Baseline,44
1790099609.124764911,Uninterrupted_Baseline,46
1790099609.188688402,Uninterrupted_Baseline,50
1790099609.263159824,Uninterrupted_Baseline,53
1790099609.345569482,Uninterrupted_Baseline,39
1790099609.433187834,Uninterrupted_Baseline,42
1790099609.520782885,Uninterrupted_Baseline,48
1790099609.606338106,Uninterrupted_Baseline,50
1790099609.687940744,Uninterrupted_Baseline,37
1790099617.769391763,Phase1_Baseline,15
1790099617.848759229,Phase1_Baseline,40
1790099617.930164592,Phase1_Baseline,58
1790099618.014522076,Phase1_Baseline,42
1790099618.073193116,Phase1_Baseline,45
1790099618.152811852,Phase1_Baseline,33
1790099618.232763923,Phase1_Baseline,37
1790099618.302715914,Phase1_Baseline,42
1790099618.382805365,Phase1_Baseline,44
1790099618.439792239,Phase1_Baseline,47
1790099618.492613543,Phase1_Baseline,50
1790099618.553740815,Phase1_Baseline,52
1790099618.614784803,Phase1_Baseline,35
1790099618.687205249,Phase1_Baseline,40
1790099618.751135319,Phase1_Baseline,43
1790099618.831329800,Phase1_Baseline,33
1790099618.912227695,Phase1_Baseline,36
1790099619.005783124,Phase1_Baseline,42
1790099619.090474591,Phase1_Baseline,46
1790099619.176187640,Phase1_Baseline,35
1790099619.246904713,Phase1_Baseline,39
1790099619.323356866,Phase1_Baseline,43
1790099619.404944319,Phase1_Baseline,32
1790099619.492410108,Phase1_Baseline,36
1790099619.573974122,Phase1_Baseline,40
1790099619.646363146,Phase1_Baseline,45
1790099619.734691018,Phase1_Baseline,20
1790099619.801681916,Phase1_Baseline,35
1790099619.889146415,Phase1_Baseline,40
1790099619.968319182,Phase1_Baseline,44
1790099620.047524926,Phase1_Baseline,48
1790099620.134402816,Phase1_Baseline,51
1790099620.212535138,Phase1_Baseline,38
1790099620.289545793,Phase1_Baseline,40
1790099620.362231185,Phase1_Baseline,45
1790099620.444937019,Phase1_Baseline,49
1790099620.513824459,Phase1_Baseline,37
1790099620.597717919,Phase1_Baseline,40
1790099620.684954392,Phase1_Baseline,45
1790099620.764353489,Phase1_Baseline,34
1790099620.848220874,Phase1_Baseline,39
1790099620.934538647,Phase1_Baseline,43
1790099621.018611155,Phase1_Baseline,32
1790099621.094387425,Phase1_Baseline,37
1790099621.180109443,Phase1_Baseline,42
1790099621.262710762,Phase1_Baseline,46
1790099621.329079789,Phase1_Baseline,48
1790099621.390697998,Phase1_Baseline,50
1790099621.467285206,Phase1_Baseline,37
1790099621.551083472,Phase1_Baseline,40
1790099621.622071357,Phase1_Baseline,44
1790099621.712321359,Phase1_Baseline,48
1790099621.791768401,Phase1_Baseline,51
1790099621.873691433,Phase1_Baseline,38
1790099621.944378319,Phase1_Baseline,42
1790099622.035058085,Phase1_Baseline,46
1790099622.116874145,Phase1_Baseline,35
1790099622.302274625,Phase2_Migrated,33
1790099622.387474273,Phase2_Migrated,52
1790099622.494731498,Phase2_Migrated,71
1790099622.587819422,Phase2_Migrated,89
1790099622.667431987,Phase2_Migrated,65
1790099622.765422642,Phase2_Migrated,67
1790099622.863258612,Phase2_Migrated,70
1790099622.953574276,Phase2_Migrated,73
1790099623.050096482,Phase2_Migrated,54
1790099623.144766740,Phase2_Migrated,39
1790099623.232264450,Phase2_Migrated,42
1790099623.329826563,Phase2_Migrated,47
1790099623.418336198,Phase2_Migrated,50
1790099623.508765186,Phase2_Migrated,36
1790099623.607410243,Phase2_Migrated,40
1790099623.701024048,Phase2_Migrated,45
1790099623.797773436,Phase2_Migrated,50
1790099623.885628147,Phase2_Migrated,53
1790099623.976087228,Phase2_Migrated,39
1790099624.069098637,Phase2_Migrated,43
1790099624.151572297,Phase2_Migrated,47
1790099624.236768691,Phase2_Migrated,51
1790099624.321158834,Phase2_Migrated,37
1790099624.418131356,Phase2_Migrated,42
1790099624.508560277,Phase2_Migrated,45
1790099624.591756058,Phase2_Migrated,49
1790099624.688104140,Phase2_Migrated,53
1790099624.781701034,Phase2_Migrated,39
1790099624.867795841,Phase2_Migrated,42
1790099624.955105408,Phase2_Migrated,47
1790099625.038388056,Phase2_Migrated,50
1790099625.108420453,Phase2_Migrated,53
1790099625.192769780,Phase2_Migrated,39
1790099625.258435378,Phase2_Migrated,42
1790099625.342431630,Phase2_Migrated,47
1790099625.438021992,Phase2_Migrated,50
1790099625.528266096,Phase2_Migrated,55
1790099625.600534892,Phase2_Migrated,40
1790099625.688843564,Phase2_Migrated,43
1790099625.781632498,Phase2_Migrated,47
1790099625.859692783,Phase2_Migrated,50
1790099625.938203108,Phase2_Migrated,53
1790099626.022397956,Phase2_Migrated,39
1790099626.098749827,Phase2_Migrated,44
1790099626.176476264,Phase2_Migrated,48
1790099626.272775262,Phase2_Migrated,51
1790099626.364624171,Phase2_Migrated,38
1790099626.462679278,Phase2_Migrated,42
1790099627.196900689,Uninterrupted_Baseline,28
1790099627.283030826,Uninterrupted_Baseline,45
1790099627.367980625,Uninterrupted_Baseline,36
1790099627.452552291,Uninterrupted_Baseline,42
1790099627.532977549,Uninterrupted_Baseline,47
1790099627.624366596,Uninterrupted_Baseline,34
1790099627.710195800,Uninterrupted_Baseline,38
1790099627.796462588,Uninterrupted_Baseline,43
1790099627.882039170,Uninterrupted_Baseline,48
1790099627.969934603,Uninterrupted_Baseline,51
1790099628.050111910,Uninterrupted_Baseline,37
1790099628.134560264,Uninterrupted_Baseline,40
1790099628.219057259,Uninterrupted_Baseline,44
1790099628.308255161,Uninterrupted_Baseline,49
1790099628.384685876,Uninterrupted_Baseline,52
1790099628.456908217,Uninterrupted_Baseline,53
1790099628.510803889,Uninterrupted_Baseline,38
1790099628.573788733,Uninterrupted_Baseline,42
1790099628.637604381,Uninterrupted_Baseline,45
1790099628.715342347,Uninterrupted_Baseline,49
1790099628.802108786,Uninterrupted_Baseline,51
1790099628.888825514,Uninterrupted_Baseline,38
1790099628.971608235,Uninterrupted_Baseline,42
1790099629.059007401,Uninterrupted_Baseline,46
1790099629.139773590,Uninterrupted_Baseline,50
1790099629.208463224,Uninterrupted_Baseline,35
1790099629.277881729,Uninterrupted_Baseline,37
1790099629.359951161,Uninterrupted_Baseline,43
1790099629.442247538,Uninterrupted_Baseline,45
1790099629.525871609,Uninterrupted_Baseline,49
1790099629.607911072,Uninterrupted_Baseline,53
1790099629.689710812,Uninterrupted_Baseline,38
1790099629.770146233,Uninterrupted_Baseline,41
1790099629.852111705,Uninterrupted_Baseline,45
1790099629.933528376,Uninterrupted_Baseline,48
1790099630.011252848,Uninterrupted_Baseline,52
1790099630.092410617,Uninterrupted_Baseline,38
1790099630.168645273,Uninterrupted_Baseline,42
1790099630.251289617,Uninterrupted_Baseline,46
1790099630.329572186,Uninterrupted_Baseline,49
1790099630.408159529,Uninterrupted_Baseline,52
1790099630.489761448,Uninterrupted_Baseline,38
1790099630.571215714,Uninterrupted_Baseline,42
1790099630.654174078,Uninterrupted_Baseline,47
1790099630.740737260,Uninterrupted_Baseline,51
1790099630.817599395,Uninterrupted_Baseline,53
1790099630.901245437,Uninterrupted_Baseline,39
1790099630.988644526,Uninterrupted_Baseline,44
1790099631.063730183,Uninterrupted_Baseline,48
1790099631.146615455,Uninterrupted_Baseline,51
1790099631.233354854,Uninterrupted_Baseline,37
1790099631.311760426,Uninterrupted_Baseline,40
1790099631.394015509,Uninterrupted_Baseline,44
1790099631.477039091,Uninterrupted_Baseline,33
1790099631.558583419,Uninterrupted_Baseline,37
1790099631.641456964,Uninterrupted_Baseline,42
1790099631.721958892,Uninterrupted_Baseline,31
1790099631.806634995,Uninterrupted_Baseline,34
1790099631.890567501,Uninterrupted_Baseline,40
1790099631.983222541,Uninterrupted_Baseline,45
1790099632.064495785,Uninterrupted_Baseline,48
1790099632.136425060,Uninterrupted_Baseline,50
1790099632.217014463,Uninterrupted_Baseline,37
1790099632.298930763,Uninterrupted_Baseline,40
1790099632.379052878,Uninterrupted_Baseline,44
1790099632.459640315,Uninterrupted_Baseline,49
1790099632.537797921,Uninterrupted_Baseline,52
1790099632.621006569,Uninterrupted_Baseline,38
1790099632.701869079,Uninterrupted_Baseline,41
1790099632.780804177,Uninterrupted_Baseline,45
1790099632.860490337,Uninterrupted_Baseline,33
1790099632.947265773,Uninterrupted_Baseline,38
1790099633.027109091,Uninterrupted_Baseline,41
1790099633.112177711,Uninterrupted_Baseline,46
1790099633.197705439,Uninterrupted_Baseline,49
1790099633.287562215,Uninterrupted_Baseline,53
1790099633.373878730,Uninterrupted_Baseline,39
1790099633.451940268,Uninterrupted_Baseline,42
1790099633.536284198,Uninterrupted_Baseline,47
1790099633.618212374,Uninterrupted_Baseline,50
1790099633.698822897,Uninterrupted_Baseline,53
1790099633.780076933,Uninterrupted_Baseline,39
1790099633.859055685,Uninterrupted_Baseline,42
1790099633.942186237,Uninterrupted_Baseline,47
1790099634.016797092,Uninterrupted_Baseline,35
1790099634.100123738,Uninterrupted_Baseline,40
1790099634.179741686,Uninterrupted_Baseline,44
1790099634.261101897,Uninterrupted_Baseline,47
1790099634.340971269,Uninterrupted_Baseline,35
1790099634.424142226,Uninterrupted_Baseline,39
1790099634.507758179,Uninterrupted_Baseline,44
1790099634.591619373,Uninterrupted_Baseline,48
1790099634.672927359,Uninterrupted_Baseline,50
1790099634.758963181,Uninterrupted_Baseline,37
1790099634.837923937,Uninterrupted_Baseline,40
1790099634.904986952,Uninterrupted_Baseline,43
1790099634.958565942,Uninterrupted_Baseline,33
1790099635.025477573,Uninterrupted_Baseline,36
1790099635.121238179,Uninterrupted_Baseline,41
1790099635.198644711,Uninterrupted_Baseline,45
1790099635.281427871,Uninterrupted_Baseline,34
1790099635.368623367,Uninterrupted_Baseline,38
1790099635.450339728,Uninterrupted_Baseline,42
1790099635.536945649,Uninterrupted_Baseline,47
1790099635.621799238,Uninterrupted_Baseline,50
1790099635.702029128,Uninterrupted_Baseline,37
1790099635.787121685,Uninterrupted_Baseline,40
1790099635.864185611,Uninterrupted_Baseline,44
1790099643.949761902,Phase1_Baseline,20
1790099644.033869024,Phase1_Baseline,42
1790099644.112221739,Phase1_Baseline,56
1790099644.186257745,Phase1_Baseline,42
1790099644.278273559,Phase1_Baseline,46
1790099644.363048438,Phase1_Baseline,49
1790099644.450368870,Phase1_Baseline,51
1790099644.532833427,Phase1_Baseline,38
1790099644.617709257,Phase1_Baseline,42
1790099644.694471946,Phase1_Baseline,46
1790099644.779366906,Phase1_Baseline,49
1790099644.835132984,Phase1_Baseline,51
1790099644.897903702,Phase1_Baseline,55
1790099644.957915452,Phase1_Baseline,40
1790099645.041800741,Phase1_Baseline,45
1790099645.129296171,Phase1_Baseline,48
1790099645.212069223,Phase1_Baseline,51
1790099645.298702126,Phase1_Baseline,38
1790099645.378923534,Phase1_Baseline,41
1790099645.464421932,Phase1_Baseline,46
1790099645.545730918,Phase1_Baseline,48
1790099645.620444051,Phase1_Baseline,51
1790099645.688513946,Phase1_Baseline,54
1790099645.765445119,Phase1_Baseline,39
1790099645.834300684,Phase1_Baseline,43
1790099645.916590283,Phase1_Baseline,47
1790099645.997484814,Phase1_Baseline,51
1790099646.071735604,Phase1_Baseline,54
1790099646.143188212,Phase1_Baseline,39
1790099646.223577208,Phase1_Baseline,43
1790099646.300347639,Phase1_Baseline,47
1790099646.386470165,Phase1_Baseline,50
1790099646.473812688,Phase1_Baseline,11
1790099646.554152845,Phase1_Baseline,41
1790099646.639559281,Phase1_Baseline,43
1790099646.724171037,Phase1_Baseline,48
1790099646.810865659,Phase1_Baseline,51
1790099646.890611459,Phase1_Baseline,37
1790099646.977895620,Phase1_Baseline,41
1790099647.061145826,Phase1_Baseline,45
1790099647.150864921,Phase1_Baseline,49
1790099647.229526798,Phase1_Baseline,52
1790099647.294432785,Phase1_Baseline,55
1790099647.356783420,Phase1_Baseline,39
1790099647.440231071,Phase1_Baseline,43
1790099647.528274290,Phase1_Baseline,47
1790099647.610394618,Phase1_Baseline,50
1790099647.687155586,Phase1_Baseline,37
1790099647.768624056,Phase1_Baseline,40
1790099647.860523763,Phase1_Baseline,45
1790099647.941814249,Phase1_Baseline,49
1790099648.024993791,Phase1_Baseline,51
1790099648.113412485,Phase1_Baseline,38
1790099648.199076587,Phase1_Baseline,42
1790099648.269801191,Phase1_Baseline,46
1790099648.340042834,Phase1_Baseline,49
1790099648.478872014,Phase2_Migrated,34
1790099648.552247600,Phase2_Migrated,49
1790099648.621481628,Phase2_Migrated,59
1790099648.703690635,Phase2_Migrated,43
1790099648.797103576,Phase2_Migrated,47
1790099648.890578320,Phase2_Migrated,51
1790099648.980999802,Phase2_Migrated,37
1790099649.075122997,Phase2_Migrated,41
1790099649.168153144,Phase2_Migrated,45
1790099649.238586376,Phase2_Migrated,49
1790099649.319957945,Phase2_Migrated,52
1790099649.409569906,Phase2_Migrated,38
1790099649.489096704,Phase2_Migrated,42
1790099649.579489472,Phase2_Migrated,47
1790099649.667533687,Phase2_Migrated,51
1790099649.759211395,Phase2_Migrated,54
1790099649.857154452,Phase2_Migrated,39
1790099649.945383494,Phase2_Migrated,43
1790099650.034798937,Phase2_Migrated,49
1790099650.133574151,Phase2_Migrated,52
1790099650.228883178,Phase2_Migrated,39
1790099650.326563289,Phase2_Migrated,45
1790099650.416204570,Phase2_Migrated,47
1790099650.491857708,Phase2_Migrated,34
1790099650.592419622,Phase2_Migrated,40
1790099650.687028461,Phase2_Migrated,46
1790099650.778063069,Phase2_Migrated,49
1790099650.873689129,Phase2_Migrated,52
1790099650.969153830,Phase2_Migrated,38
1790099651.063027440,Phase2_Migrated,42
1790099651.154439208,Phase2_Migrated,47
1790099651.244195665,Phase2_Migrated,49
1790099651.310007716,Phase2_Migrated,52
1790099651.398819548,Phase2_Migrated,39
1790099651.497407440,Phase2_Migrated,44
1790099651.588806699,Phase2_Migrated,47
1790099651.660247061,Phase2_Migrated,50
1790099651.739903515,Phase2_Migrated,37
1790099651.835512115,Phase2_Migrated,41
1790099651.918095907,Phase2_Migrated,44
1790099652.010927729,Phase2_Migrated,48
1790099652.107217428,Phase2_Migrated,37
1790099652.202026499,Phase2_Migrated,41
1790099652.294340906,Phase2_Migrated,45
1790099652.384874870,Phase2_Migrated,49
1790099652.476443456,Phase2_Migrated,52
1790099652.566090569,Phase2_Migrated,39
1790099652.654072563,Phase2_Migrated,42
1790099653.345563846,Uninterrupted_Baseline,27
1790099653.428950375,Uninterrupted_Baseline,42
1790099653.513213007,Uninterrupted_Baseline,59
1790099653.600269312,Uninterrupted_Baseline,43
1790099653.684820645,Uninterrupted_Baseline,47
1790099653.777526421,Uninterrupted_Baseline,36
1790099653.865126698,Uninterrupted_Baseline,39
1790099653.947830280,Uninterrupted_Baseline,44
1790099654.029443779,Uninterrupted_Baseline,48
1790099654.113200346,Uninterrupted_Baseline,51
1790099654.194058242,Uninterrupted_Baseline,36
1790099654.270004877,Uninterrupted_Baseline,39
1790099654.337575149,Uninterrupted_Baseline,43
1790099654.407435723,Uninterrupted_Baseline,47
1790099654.489865049,Uninterrupted_Baseline,49
1790099654.573464490,Uninterrupted_Baseline,53
1790099654.644160624,Uninterrupted_Baseline,38
1790099654.725077685,Uninterrupted_Baseline,42
1790099654.793924818,Uninterrupted_Baseline,46
1790099654.852808313,Uninterrupted_Baseline,48
1790099654.908238643,Uninterrupted_Baseline,51
1790099654.983364068,Uninterrupted_Baseline,37
1790099655.064142359,Uninterrupted_Baseline,39
1790099655.149706135,Uninterrupted_Baseline,45
1790099655.229141463,Uninterrupted_Baseline,48
1790099655.306463152,Uninterrupted_Baseline,51
1790099655.385992846,Uninterrupted_Baseline,37
1790099655.476518906,Uninterrupted_Baseline,41
1790099655.559986023,Uninterrupted_Baseline,46
1790099655.639725331,Uninterrupted_Baseline,49
1790099655.724497555,Uninterrupted_Baseline,51
1790099655.810588996,Uninterrupted_Baseline,38
1790099655.893954576,Uninterrupted_Baseline,42
1790099655.974146566,Uninterrupted_Baseline,46
1790099656.056510031,Uninterrupted_Baseline,49
1790099656.139980321,Uninterrupted_Baseline,53
1790099656.222722670,Uninterrupted_Baseline,39
1790099656.298495642,Uninterrupted_Baseline,42
1790099656.379772986,Uninterrupted_Baseline,46
1790099656.461042167,Uninterrupted_Baseline,50
1790099656.544226944,Uninterrupted_Baseline,52
1790099656.626951884,Uninterrupted_Baseline,39
1790099656.707044662,Uninterrupted_Baseline,43
1790099656.774808030,Uninterrupted_Baseline,47
1790099656.859293515,Uninterrupted_Baseline,50
1790099656.925583033,Uninterrupted_Baseline,53
1790099657.000817273,Uninterrupted_Baseline,39
1790099657.081679980,Uninterrupted_Baseline,42
1790099657.164158786,Uninterrupted_Baseline,47
1790099657.252258667,Uninterrupted_Baseline,51
1790099657.340400803,Uninterrupted_Baseline,37
1790099657.425136345,Uninterrupted_Baseline,39
1790099657.507474910,Uninterrupted_Baseline,45
1790099657.592875834,Uninterrupted_Baseline,48
1790099657.677998236,Uninterrupted_Baseline,51
1790099657.759243336,Uninterrupted_Baseline,38
1790099657.840522386,Uninterrupted_Baseline,42
1790099657.924413674,Uninterrupted_Baseline,45
1790099658.004675973,Uninterrupted_Baseline,49
1790099658.066541504,Uninterrupted_Baseline,51
1790099658.130620442,Uninterrupted_Baseline,37
1790099658.212402031,Uninterrupted_Baseline,40
1790099658.293130355,Uninterrupted_Baseline,44
1790099658.379501219,Uninterrupted_Baseline,48
1790099658.449735612,Uninterrupted_Baseline,51
1790099658.499852760,Uninterrupted_Baseline,53
1790099658.565362012,Uninterrupted_Baseline,38
1790099658.635501126,Uninterrupted_Baseline,42
1790099658.701886052,Uninterrupted_Baseline,45
1790099658.766739240,Uninterrupted_Baseline,49
1790099658.855831094,Uninterrupted_Baseline,52
1790099658.924067341,Uninterrupted_Baseline,54
1790099659.004759801,Uninterrupted_Baseline,40
1790099659.084217254,Uninterrupted_Baseline,43
1790099659.158199438,Uninterrupted_Baseline,47
1790099659.211780671,Uninterrupted_Baseline,35
1790099659.279131615,Uninterrupted_Baseline,38
1790099659.357570639,Uninterrupted_Baseline,42
1790099659.438239697,Uninterrupted_Baseline,46
1790099659.524431514,Uninterrupted_Baseline,34
1790099659.613875426,Uninterrupted_Baseline,39
1790099659.687684320,Uninterrupted_Baseline,43
1790099659.759879323,Uninterrupted_Baseline,46
1790099659.842639897,Uninterrupted_Baseline,35
1790099659.926201973,Uninterrupted_Baseline,40
1790099660.012423285,Uninterrupted_Baseline,45
1790099660.095921001,Uninterrupted_Baseline,48
1790099660.181836067,Uninterrupted_Baseline,37
1790099660.267273011,Uninterrupted_Baseline,41
1790099660.340626984,Uninterrupted_Baseline,46
1790099660.423738692,Uninterrupted_Baseline,49
1790099660.515740085,Uninterrupted_Baseline,52
1790099660.598110330,Uninterrupted_Baseline,38
1790099660.683356169,Uninterrupted_Baseline,42
1790099660.764980126,Uninterrupted_Baseline,46
1790099660.848429537,Uninterrupted_Baseline,49
1790099660.933167097,Uninterrupted_Baseline,53
1790099661.016553010,Uninterrupted_Baseline,39
1790099661.096629619,Uninterrupted_Baseline,42
1790099661.164948169,Uninterrupted_Baseline,47
1790099661.251607449,Uninterrupted_Baseline,50
1790099661.335744356,Uninterrupted_Baseline,37
1790099661.417688834,Uninterrupted_Baseline,41
1790099661.504172727,Uninterrupted_Baseline,46
1790099661.593357060,Uninterrupted_Baseline,49
1790099661.673407896,Uninterrupted_Baseline,51
1790099661.741231657,Uninterrupted_Baseline,38
1790099661.799225693,Uninterrupted_Baseline,39
1790099661.883782609,Uninterrupted_Baseline,44
1790099661.968261109,Uninterrupted_Baseline,48
1790099662.052864995,Uninterrupted_Baseline,52
1790099669.913031148,Phase1_Baseline,15
1790099669.996528383,Phase1_Baseline,41
1790099670.079777511,Phase1_Baseline,58
1790099670.158764391,Phase1_Baseline,75
1790099670.234423334,Phase1_Baseline,58
1790099670.314537809,Phase1_Baseline,58
1790099670.374432447,Phase1_Baseline,42
1790099670.450907285,Phase1_Baseline,45
1790099670.533234536,Phase1_Baseline,49
1790099670.612540861,Phase1_Baseline,53
1790099670.691194145,Phase1_Baseline,56
1790099670.773842663,Phase1_Baseline,40
1790099670.837861180,Phase1_Baseline,43
1790099670.916128892,Phase1_Baseline,46
1790099670.997221090,Phase1_Baseline,49
1790099671.061534920,Phase1_Baseline,52
1790099671.145253191,Phase1_Baseline,38
1790099671.222432686,Phase1_Baseline,42
1790099671.301058057,Phase1_Baseline,46
1790099671.380809883,Phase1_Baseline,49
1790099671.460526808,Phase1_Baseline,52
1790099671.542114582,Phase1_Baseline,39
1790099671.620717854,Phase1_Baseline,42
1790099671.682268893,Phase1_Baseline,45
1790099671.764928555,Phase1_Baseline,49
1790099671.843195472,Phase1_Baseline,52
1790099671.927401200,Phase1_Baseline,38
1790099672.009925986,Phase1_Baseline,42
1790099672.098866709,Phase1_Baseline,47
1790099672.185740654,Phase1_Baseline,49
1790099672.265403302,Phase1_Baseline,36
1790099672.348789793,Phase1_Baseline,40
1790099672.430561537,Phase1_Baseline,45
1790099672.540810175,Phase1_Baseline,49
1790099672.594966183,Phase1_Baseline,51
1790099672.648970195,Phase1_Baseline,54
1790099672.716847851,Phase1_Baseline,39
1790099672.788127315,Phase1_Baseline,42
1790099672.854603728,Phase1_Baseline,47
1790099672.926139586,Phase1_Baseline,49
1790099673.005836586,Phase1_Baseline,52
1790099673.089306656,Phase1_Baseline,39
1790099673.172492409,Phase1_Baseline,43
1790099673.255614658,Phase1_Baseline,46
1790099673.336078324,Phase1_Baseline,50
1790099673.419494974,Phase1_Baseline,53
1790099673.501869822,Phase1_Baseline,39
1790099673.588264983,Phase1_Baseline,42
1790099673.671926566,Phase1_Baseline,47
1790099673.753972264,Phase1_Baseline,50
1790099673.830752269,Phase1_Baseline,53
1790099673.913684990,Phase1_Baseline,39
1790099673.994567476,Phase1_Baseline,42
1790099674.083614081,Phase1_Baseline,46
1790099674.171138035,Phase1_Baseline,49
1790099674.250836939,Phase1_Baseline,53
1790099674.332405017,Phase1_Baseline,39
1790099674.495178178,Phase2_Migrated,34
1790099674.586586176,Phase2_Migrated,53
1790099674.677680415,Phase2_Migrated,67
1790099674.770638238,Phase2_Migrated,84
1790099674.859155827,Phase2_Migrated,100
1790099674.963130062,Phase2_Migrated,72
1790099675.028380552,Phase2_Migrated,74
1790099675.109522344,Phase2_Migrated,53
1790099675.199041708,Phase2_Migrated,38
1790099675.288272746,Phase2_Migrated,42
1790099675.383539990,Phase2_Migrated,47
1790099675.472730462,Phase2_Migrated,35
1790099675.560993769,Phase2_Migrated,40
1790099675.648807331,Phase2_Migrated,44
1790099675.748120864,Phase2_Migrated,49
1790099675.840803245,Phase2_Migrated,52
1790099675.934843579,Phase2_Migrated,38
1790099676.021782132,Phase2_Migrated,42
1790099676.117062386,Phase2_Migrated,47
1790099676.205948800,Phase2_Migrated,51
1790099676.301153893,Phase2_Migrated,38
1790099676.392469014,Phase2_Migrated,42
1790099676.492050896,Phase2_Migrated,48
1790099676.583099061,Phase2_Migrated,51
1790099676.671991323,Phase2_Migrated,38
1790099676.763083358,Phase2_Migrated,42
1790099676.859030893,Phase2_Migrated,47
1790099676.959085490,Phase2_Migrated,50
1790099677.056542755,Phase2_Migrated,37
1790099677.155099437,Phase2_Migrated,42
1790099677.247919884,Phase2_Migrated,47
1790099677.341385465,Phase2_Migrated,49
1790099677.438104819,Phase2_Migrated,37
1790099677.543918142,Phase2_Migrated,41
1790099677.625130735,Phase2_Migrated,45
1790099677.715987438,Phase2_Migrated,49
1790099677.812069799,Phase2_Migrated,53
1790099677.906381871,Phase2_Migrated,39
1790099678.001533844,Phase2_Migrated,44
1790099678.088523628,Phase2_Migrated,33
1790099678.176707345,Phase2_Migrated,36
1790099678.262892615,Phase2_Migrated,42
1790099678.355474260,Phase2_Migrated,46
1790099678.431991624,Phase2_Migrated,49
1790099678.488394529,Phase2_Migrated,51
1790099678.550350767,Phase2_Migrated,38
1790099678.613607589,Phase2_Migrated,39
1790099679.366293369,Uninterrupted_Baseline,27
1790099679.449113579,Uninterrupted_Baseline,42
1790099679.533095683,Uninterrupted_Baseline,59
1790099679.619552768,Uninterrupted_Baseline,47
1790099679.707949147,Uninterrupted_Baseline,49
1790099679.792638979,Uninterrupted_Baseline,51
1790099679.870494706,Uninterrupted_Baseline,38
1790099679.955452681,Uninterrupted_Baseline,41
1790099680.037800896,Uninterrupted_Baseline,45
1790099680.120452458,Uninterrupted_Baseline,35
1790099680.201714844,Uninterrupted_Baseline,39
1790099680.284795996,Uninterrupted_Baseline,43
1790099680.365612415,Uninterrupted_Baseline,46
1790099680.443715419,Uninterrupted_Baseline,50
1790099680.526405723,Uninterrupted_Baseline,52
1790099680.581865518,Uninterrupted_Baseline,27
1790099680.664304805,Uninterrupted_Baseline,41
1790099680.745677698,Uninterrupted_Baseline,45
1790099680.827610375,Uninterrupted_Baseline,49
1790099680.905777194,Uninterrupted_Baseline,51
1790099680.978109463,Uninterrupted_Baseline,54
1790099681.054988401,Uninterrupted_Baseline,39
1790099681.139809449,Uninterrupted_Baseline,44
1790099681.216935254,Uninterrupted_Baseline,47
1790099681.295794384,Uninterrupted_Baseline,35
1790099681.380905461,Uninterrupted_Baseline,39
1790099681.462190910,Uninterrupted_Baseline,44
1790099681.547832058,Uninterrupted_Baseline,47
1790099681.629401890,Uninterrupted_Baseline,35
1790099681.705547506,Uninterrupted_Baseline,39
1790099681.781766417,Uninterrupted_Baseline,42
1790099681.854463853,Uninterrupted_Baseline,46
1790099681.919925712,Uninterrupted_Baseline,49
1790099681.991903959,Uninterrupted_Baseline,51
1790099682.077560137,Uninterrupted_Baseline,38
1790099682.161060904,Uninterrupted_Baseline,41
1790099682.242714320,Uninterrupted_Baseline,45
1790099682.332380552,Uninterrupted_Baseline,49
1790099682.413917689,Uninterrupted_Baseline,53
1790099682.497617097,Uninterrupted_Baseline,39
1790099682.578756489,Uninterrupted_Baseline,42
1790099682.658869917,Uninterrupted_Baseline,47
1790099682.739194519,Uninterrupted_Baseline,50
1790099682.822540743,Uninterrupted_Baseline,53
1790099682.909120163,Uninterrupted_Baseline,39
1790099682.994142244,Uninterrupted_Baseline,44
1790099683.082541143,Uninterrupted_Baseline,48
1790099683.168288846,Uninterrupted_Baseline,50
1790099683.253750906,Uninterrupted_Baseline,37
1790099683.336916823,Uninterrupted_Baseline,40
1790099683.421128037,Uninterrupted_Baseline,45
1790099683.509572670,Uninterrupted_Baseline,49
1790099683.594105067,Uninterrupted_Baseline,51
1790099683.674888780,Uninterrupted_Baseline,38
1790099683.751791064,Uninterrupted_Baseline,41
1790099683.837390164,Uninterrupted_Baseline,45
1790099683.904270092,Uninterrupted_Baseline,48
1790099683.981743044,Uninterrupted_Baseline,36
1790099684.058064669,Uninterrupted_Baseline,41
1790099684.141571552,Uninterrupted_Baseline,44
1790099684.222395700,Uninterrupted_Baseline,49
1790099684.303606336,Uninterrupted_Baseline,52
1790099684.390259796,Uninterrupted_Baseline,55
1790099684.469490696,Uninterrupted_Baseline,40
1790099684.548595185,Uninterrupted_Baseline,44
1790099684.612952934,Uninterrupted_Baseline,47
1790099684.681304877,Uninterrupted_Baseline,50
1790099684.766421163,Uninterrupted_Baseline,53
1790099684.850820377,Uninterrupted_Baseline,57
1790099684.939489507,Uninterrupted_Baseline,41
1790099685.003896760,Uninterrupted_Baseline,43
1790099685.067389748,Uninterrupted_Baseline,33
1790099685.146070027,Uninterrupted_Baseline,37
1790099685.232018362,Uninterrupted_Baseline,40
1790099685.313043040,Uninterrupted_Baseline,45
1790099685.390244314,Uninterrupted_Baseline,47
1790099685.470277938,Uninterrupted_Baseline,52
1790099685.552578962,Uninterrupted_Baseline,55
1790099685.637204193,Uninterrupted_Baseline,40
1790099685.721827816,Uninterrupted_Baseline,44
1790099685.792864647,Uninterrupted_Baseline,47
1790099685.864694404,Uninterrupted_Baseline,36
1790099685.948504609,Uninterrupted_Baseline,40
1790099686.033910748,Uninterrupted_Baseline,45
1790099686.108391648,Uninterrupted_Baseline,48
1790099686.182084469,Uninterrupted_Baseline,51
1790099686.261971026,Uninterrupted_Baseline,54
1790099686.316246430,Uninterrupted_Baseline,38
1790099686.381359382,Uninterrupted_Baseline,41
1790099686.460007227,Uninterrupted_Baseline,45
1790099686.540277201,Uninterrupted_Baseline,34
1790099686.622846689,Uninterrupted_Baseline,38
1790099686.694096390,Uninterrupted_Baseline,42
1790099686.754205527,Uninterrupted_Baseline,45
1790099686.830515659,Uninterrupted_Baseline,48
1790099686.910960915,Uninterrupted_Baseline,36
1790099686.993573167,Uninterrupted_Baseline,41
1790099687.074516283,Uninterrupted_Baseline,45
1790099687.152915756,Uninterrupted_Baseline,48
1790099687.224893676,Uninterrupted_Baseline,50
1790099687.278531006,Uninterrupted_Baseline,53
1790099687.346290392,Uninterrupted_Baseline,39
1790099687.427521279,Uninterrupted_Baseline,42
1790099687.492807987,Uninterrupted_Baseline,46
1790099687.555973186,Uninterrupted_Baseline,48
1790099687.625630158,Uninterrupted_Baseline,50
1790099687.708097930,Uninterrupted_Baseline,37
1790099687.795437422,Uninterrupted_Baseline,41
1790099687.875924593,Uninterrupted_Baseline,44
1790099687.951895243,Uninterrupted_Baseline,48
1790099688.033617047,Uninterrupted_Baseline,51
1790099696.029088582,Phase1_Baseline,27
1790099696.109894050,Phase1_Baseline,43
1790099696.197582576,Phase1_Baseline,58
1790099696.277032018,Phase1_Baseline,42
1790099696.347642050,Phase1_Baseline,46
1790099696.429999304,Phase1_Baseline,35
1790099696.518218141,Phase1_Baseline,39
1790099696.598536400,Phase1_Baseline,43
1790099696.684899525,Phase1_Baseline,32
1790099696.769182153,Phase1_Baseline,35
1790099696.848403983,Phase1_Baseline,41
1790099696.939396687,Phase1_Baseline,45
1790099697.015737243,Phase1_Baseline,48
1790099697.095299451,Phase1_Baseline,51
1790099697.175437949,Phase1_Baseline,37
1790099697.257755889,Phase1_Baseline,40
1790099697.338381353,Phase1_Baseline,45
1790099697.418460975,Phase1_Baseline,49
1790099697.504157293,Phase1_Baseline,52
1790099697.593898906,Phase1_Baseline,38
1790099697.678117881,Phase1_Baseline,42
1790099697.758989482,Phase1_Baseline,45
1790099697.839591365,Phase1_Baseline,49
1790099697.923563490,Phase1_Baseline,52
1790099697.989820358,Phase1_Baseline,55
1790099698.061400016,Phase1_Baseline,40
1790099698.139253247,Phase1_Baseline,44
1790099698.220765486,Phase1_Baseline,32
1790099698.286876553,Phase1_Baseline,37
1790099698.365820929,Phase1_Baseline,41
1790099698.441813597,Phase1_Baseline,45
1790099698.498074997,Phase1_Baseline,33
1790099698.553926749,Phase1_Baseline,35
1790099698.610048247,Phase1_Baseline,39
1790099698.681080884,Phase1_Baseline,43
1790099698.763383491,Phase1_Baseline,46
1790099698.847695575,Phase1_Baseline,35
1790099698.929279803,Phase1_Baseline,39
1790099699.004317289,Phase1_Baseline,44
1790099699.087950489,Phase1_Baseline,33
1790099699.164416558,Phase1_Baseline,36
1790099699.238850762,Phase1_Baseline,41
1790099699.298485520,Phase1_Baseline,44
1790099699.375590161,Phase1_Baseline,47
1790099699.443254669,Phase1_Baseline,50
1790099699.528380690,Phase1_Baseline,53
1790099699.613158159,Phase1_Baseline,39
1790099699.689678128,Phase1_Baseline,43
1790099699.774560815,Phase1_Baseline,47
1790099699.855022163,Phase1_Baseline,50
1790099699.917722007,Phase1_Baseline,53
1790099699.998524014,Phase1_Baseline,39
1790099700.081697484,Phase1_Baseline,42
1790099700.163543272,Phase1_Baseline,47
1790099700.249734954,Phase1_Baseline,35
1790099700.315630899,Phase1_Baseline,39
1790099700.393962223,Phase1_Baseline,43
1790099700.580783473,Phase2_Migrated,36
1790099700.670825767,Phase2_Migrated,52
1790099700.748303711,Phase2_Migrated,41
1790099700.847523763,Phase2_Migrated,46
1790099700.925763913,Phase2_Migrated,33
1790099700.995613108,Phase2_Migrated,37
1790099701.095210093,Phase2_Migrated,43
1790099701.189952128,Phase2_Migrated,47
1790099701.283887110,Phase2_Migrated,50
1790099701.382820210,Phase2_Migrated,55
1790099701.467175345,Phase2_Migrated,40
1790099701.558413334,Phase2_Migrated,45
1790099701.645141422,Phase2_Migrated,34
1790099701.739922417,Phase2_Migrated,39
1790099701.824771461,Phase2_Migrated,43
1790099701.924074790,Phase2_Migrated,48
1790099702.011585793,Phase2_Migrated,50
1790099702.095097368,Phase2_Migrated,37
1790099702.193213086,Phase2_Migrated,41
1790099702.255855548,Phase2_Migrated,45
1790099702.346631527,Phase2_Migrated,35
1790099702.434892653,Phase2_Migrated,40
1790099702.514824115,Phase2_Migrated,43
1790099702.608715411,Phase2_Migrated,33
1790099702.678997678,Phase2_Migrated,37
1790099702.757772237,Phase2_Migrated,41
1790099702.840295422,Phase2_Migrated,46
1790099702.920528736,Phase2_Migrated,49
1790099703.015443803,Phase2_Migrated,52
1790099703.105730744,Phase2_Migrated,38
1790099703.188164862,Phase2_Migrated,42
1790099703.265889556,Phase2_Migrated,47
1790099703.358020611,Phase2_Migrated,35
1790099703.425148300,Phase2_Migrated,37
1790099703.500464325,Phase2_Migrated,43
1790099703.597817149,Phase2_Migrated,48
1790099703.686540041,Phase2_Migrated,35
1790099703.782858002,Phase2_Migrated,41
1790099703.877825912,Phase2_Migrated,46
1790099703.968740761,Phase2_Migrated,49
1790099704.060531485,Phase2_Migrated,53
1790099704.159311419,Phase2_Migrated,39
1790099704.251265894,Phase2_Migrated,44
1790099704.347994060,Phase2_Migrated,49
1790099704.439311717,Phase2_Migrated,53
1790099704.541266240,Phase2_Migrated,39
1790099704.638356597,Phase2_Migrated,44
1790099704.732086507,Phase2_Migrated,49
1790099705.466716928,Uninterrupted_Baseline,27
1790099705.546503069,Uninterrupted_Baseline,42
1790099705.618532243,Uninterrupted_Baseline,56
1790099705.706822525,Uninterrupted_Baseline,73
1790099705.791084972,Uninterrupted_Baseline,90
1790099705.867683003,Uninterrupted_Baseline,70
1790099705.953909510,Uninterrupted_Baseline,71
1790099706.041053560,Uninterrupted_Baseline,50
1790099706.124239643,Uninterrupted_Baseline,37
1790099706.208120864,Uninterrupted_Baseline,40
1790099706.277408362,Uninterrupted_Baseline,44
1790099706.360062328,Uninterrupted_Baseline,47
1790099706.445245587,Uninterrupted_Baseline,51
1790099706.525880539,Uninterrupted_Baseline,54
1790099706.605087937,Uninterrupted_Baseline,40
1790099706.696845681,Uninterrupted_Baseline,45
1790099706.782305786,Uninterrupted_Baseline,48
1790099706.861025154,Uninterrupted_Baseline,51
1790099706.943987775,Uninterrupted_Baseline,38
1790099707.025191634,Uninterrupted_Baseline,41
1790099707.109715330,Uninterrupted_Baseline,46
1790099707.193828627,Uninterrupted_Baseline,49
1790099707.262543580,Uninterrupted_Baseline,51
1790099707.343301609,Uninterrupted_Baseline,38
1790099707.427898106,Uninterrupted_Baseline,42
1790099707.511014673,Uninterrupted_Baseline,45
1790099707.595803197,Uninterrupted_Baseline,49
1790099707.677858224,Uninterrupted_Baseline,53
1790099707.761798388,Uninterrupted_Baseline,39
1790099707.840950348,Uninterrupted_Baseline,42
1790099707.916532568,Uninterrupted_Baseline,47
1790099707.992798878,Uninterrupted_Baseline,50
1790099708.070978289,Uninterrupted_Baseline,53
1790099708.131268457,Uninterrupted_Baseline,27
1790099708.205044947,Uninterrupted_Baseline,39
1790099708.264506762,Uninterrupted_Baseline,42
1790099708.324920934,Uninterrupted_Baseline,46
1790099708.402058079,Uninterrupted_Baseline,49
1790099708.456468099,Uninterrupted_Baseline,51
1790099708.508437088,Uninterrupted_Baseline,52
1790099708.569781793,Uninterrupted_Baseline,36
1790099708.634565748,Uninterrupted_Baseline,39
1790099708.704622059,Uninterrupted_Baseline,43
1790099708.767811964,Uninterrupted_Baseline,46
1790099708.835162929,Uninterrupted_Baseline,49
1790099708.906417835,Uninterrupted_Baseline,51
1790099708.976246055,Uninterrupted_Baseline,54
1790099709.062708554,Uninterrupted_Baseline,39
1790099709.126407975,Uninterrupted_Baseline,42
1790099709.208671566,Uninterrupted_Baseline,46
1790099709.276291766,Uninterrupted_Baseline,49
1790099709.356721883,Uninterrupted_Baseline,51
1790099709.439571351,Uninterrupted_Baseline,38
1790099709.520320587,Uninterrupted_Baseline,42
1790099709.600411035,Uninterrupted_Baseline,45
1790099709.673145621,Uninterrupted_Baseline,49
1790099709.756770554,Uninterrupted_Baseline,52
1790099709.846714879,Uninterrupted_Baseline,38
1790099709.897187038,Uninterrupted_Baseline,41
1790099709.954453547,Uninterrupted_Baseline,44
1790099710.020359382,Uninterrupted_Baseline,47
1790099710.094714976,Uninterrupted_Baseline,49
1790099710.182162790,Uninterrupted_Baseline,53
1790099710.268851175,Uninterrupted_Baseline,39
1790099710.350961075,Uninterrupted_Baseline,43
1790099710.432235838,Uninterrupted_Baseline,47
1790099710.511816112,Uninterrupted_Baseline,51
1790099710.594740922,Uninterrupted_Baseline,37
1790099710.680356455,Uninterrupted_Baseline,39
1790099710.763157517,Uninterrupted_Baseline,44
1790099710.856807860,Uninterrupted_Baseline,49
1790099710.922031626,Uninterrupted_Baseline,52
1790099711.007260199,Uninterrupted_Baseline,38
1790099711.089759802,Uninterrupted_Baseline,42
1790099711.170294607,Uninterrupted_Baseline,45
1790099711.234987521,Uninterrupted_Baseline,48
1790099711.292485870,Uninterrupted_Baseline,49
1790099711.366870278,Uninterrupted_Baseline,52
1790099711.438795992,Uninterrupted_Baseline,38
1790099711.510526331,Uninterrupted_Baseline,42
1790099711.596521591,Uninterrupted_Baseline,46
1790099711.670482669,Uninterrupted_Baseline,49
1790099711.750457333,Uninterrupted_Baseline,52
1790099711.816961968,Uninterrupted_Baseline,35
1790099711.882415374,Uninterrupted_Baseline,40
1790099711.954710318,Uninterrupted_Baseline,45
1790099712.034482917,Uninterrupted_Baseline,47
1790099712.115853802,Uninterrupted_Baseline,52
1790099712.200401384,Uninterrupted_Baseline,37
1790099712.276021419,Uninterrupted_Baseline,40
1790099712.353133833,Uninterrupted_Baseline,45
1790099712.431486658,Uninterrupted_Baseline,48
1790099712.515442419,Uninterrupted_Baseline,51
1790099712.599518000,Uninterrupted_Baseline,38
1790099712.680489903,Uninterrupted_Baseline,41
1790099712.760481554,Uninterrupted_Baseline,44
1790099712.837639428,Uninterrupted_Baseline,48
1790099712.925594152,Uninterrupted_Baseline,52
1790099713.013918225,Uninterrupted_Baseline,38
1790099713.096495467,Uninterrupted_Baseline,42
1790099713.178979088,Uninterrupted_Baseline,47
1790099713.264279586,Uninterrupted_Baseline,49
1790099713.344537261,Uninterrupted_Baseline,53
1790099713.422467604,Uninterrupted_Baseline,39
1790099713.505303470,Uninterrupted_Baseline,42
1790099713.594768495,Uninterrupted_Baseline,48
1790099713.680886966,Uninterrupted_Baseline,51
1790099713.760943429,Uninterrupted_Baseline,37
1790099713.849610716,Uninterrupted_Baseline,40
1790099713.933304733,Uninterrupted_Baseline,44
1790099714.017838805,Uninterrupted_Baseline,48
1790099714.104077887,Uninterrupted_Baseline,36
1790099722.164924956,Phase1_Baseline,20
1790099722.244327937,Phase1_Baseline,41
1790099722.324248954,Phase1_Baseline,57
1790099722.408858104,Phase1_Baseline,42
1790099722.495419716,Phase1_Baseline,25
1790099722.573880949,Phase1_Baseline,36
1790099722.660887433,Phase1_Baseline,40
1790099722.735837137,Phase1_Baseline,45
1790099722.820554794,Phase1_Baseline,33
1790099722.897132382,Phase1_Baseline,36
1790099722.987445350,Phase1_Baseline,40
1790099723.064917169,Phase1_Baseline,45
1790099723.152186683,Phase1_Baseline,48
1790099723.226394165,Phase1_Baseline,34
1790099723.306302111,Phase1_Baseline,38
1790099723.384681617,Phase1_Baseline,43
1790099723.462731026,Phase1_Baseline,46
1790099723.547458208,Phase1_Baseline,50
1790099723.636810886,Phase1_Baseline,53
1790099723.719702396,Phase1_Baseline,39
1790099723.803527665,Phase1_Baseline,44
1790099723.889031610,Phase1_Baseline,48
1790099723.965401141,Phase1_Baseline,51
1790099724.040160587,Phase1_Baseline,53
1790099724.111721868,Phase1_Baseline,39
1790099724.185318733,Phase1_Baseline,42
1790099724.264278460,Phase1_Baseline,47
1790099724.352162518,Phase1_Baseline,51
1790099724.435492424,Phase1_Baseline,37
1790099724.516517940,Phase1_Baseline,39
1790099724.594219430,Phase1_Baseline,44
1790099724.661405639,Phase1_Baseline,48
1790099724.744467960,Phase1_Baseline,50
1790099724.829396077,Phase1_Baseline,53
1790099724.901863853,Phase1_Baseline,39
1790099724.970290205,Phase1_Baseline,42
1790099725.055227620,Phase1_Baseline,47
1790099725.148182031,Phase1_Baseline,50
1790099725.200990827,Phase1_Baseline,52
1790099725.256385337,Phase1_Baseline,37
1790099725.323264291,Phase1_Baseline,39
1790099725.404274032,Phase1_Baseline,43
1790099725.481229976,Phase1_Baseline,47
1790099725.564027780,Phase1_Baseline,50
1790099725.640642238,Phase1_Baseline,37
1790099725.709694811,Phase1_Baseline,39
1790099725.791230166,Phase1_Baseline,44
1790099725.876205374,Phase1_Baseline,48
1790099725.956974880,Phase1_Baseline,52
1790099726.041456401,Phase1_Baseline,38
1790099726.119721971,Phase1_Baseline,42
1790099726.202997831,Phase1_Baseline,46
1790099726.279872212,Phase1_Baseline,49
1790099726.348418604,Phase1_Baseline,53
1790099726.428178784,Phase1_Baseline,38
1790099726.509687884,Phase1_Baseline,42
1790099726.677858683,Phase2_Migrated,35
1790099726.778106600,Phase2_Migrated,55
1790099726.863162956,Phase2_Migrated,41
1790099726.954544059,Phase2_Migrated,44
1790099727.047990220,Phase2_Migrated,48
1790099727.141006848,Phase2_Migrated,53
1790099727.229529656,Phase2_Migrated,39
1790099727.327959577,Phase2_Migrated,45
1790099727.428364061,Phase2_Migrated,49
1790099727.523853613,Phase2_Migrated,52
1790099727.614843611,Phase2_Migrated,39
1790099727.708185442,Phase2_Migrated,44
1790099727.801962641,Phase2_Migrated,47
1790099727.870411758,Phase2_Migrated,50
1790099727.954835175,Phase2_Migrated,54
1790099728.054274687,Phase2_Migrated,40
1790099728.134116868,Phase2_Migrated,44
1790099728.219196905,Phase2_Migrated,47
1790099728.283361137,Phase2_Migrated,36
1790099728.361103414,Phase2_Migrated,40
1790099728.434004476,Phase2_Migrated,44
1790099728.491737585,Phase2_Migrated,46
1790099728.556820686,Phase2_Migrated,49
1790099728.629183051,Phase2_Migrated,51
1790099728.704692320,Phase2_Migrated,38
1790099728.791371606,Phase2_Migrated,42
1790099728.879100098,Phase2_Migrated,46
1790099728.966354492,Phase2_Migrated,49
1790099729.054118190,Phase2_Migrated,52
1790099729.133678803,Phase2_Migrated,38
1790099729.201417094,Phase2_Migrated,42
1790099729.287818399,Phase2_Migrated,46
1790099729.382454808,Phase2_Migrated,50
1790099729.480820207,Phase2_Migrated,54
1790099729.576317719,Phase2_Migrated,40
1790099729.669103964,Phase2_Migrated,44
1790099729.763182001,Phase2_Migrated,48
1790099729.858226230,Phase2_Migrated,52
1790099729.953407622,Phase2_Migrated,38
1790099730.051872777,Phase2_Migrated,42
1790099730.144187933,Phase2_Migrated,48
1790099730.242164028,Phase2_Migrated,51
1790099730.337720880,Phase2_Migrated,38
1790099730.440443550,Phase2_Migrated,42
1790099730.535218761,Phase2_Migrated,47
1790099730.612640187,Phase2_Migrated,51
1790099730.706683650,Phase2_Migrated,37
1790099730.801209993,Phase2_Migrated,42
1790099730.886451790,Phase2_Migrated,46
1790099731.577694044,Uninterrupted_Baseline,28
1790099731.662627211,Uninterrupted_Baseline,45
1790099731.750187820,Uninterrupted_Baseline,58
1790099731.838296851,Uninterrupted_Baseline,42
1790099731.926881881,Uninterrupted_Baseline,46
1790099732.012993537,Uninterrupted_Baseline,50
1790099732.090026370,Uninterrupted_Baseline,36
1790099732.174058562,Uninterrupted_Baseline,39
1790099732.255855760,Uninterrupted_Baseline,43
1790099732.341261933,Uninterrupted_Baseline,48
1790099732.418420518,Uninterrupted_Baseline,50
1790099732.483915980,Uninterrupted_Baseline,52
1790099732.564226187,Uninterrupted_Baseline,39
1790099732.645492975,Uninterrupted_Baseline,43
1790099732.725009939,Uninterrupted_Baseline,46
1790099732.808270554,Uninterrupted_Baseline,51
1790099732.896861545,Uninterrupted_Baseline,38
1790099732.975169165,Uninterrupted_Baseline,41
1790099733.041479362,Uninterrupted_Baseline,44
1790099733.111869009,Uninterrupted_Baseline,47
1790099733.176759164,Uninterrupted_Baseline,49
1790099733.247244157,Uninterrupted_Baseline,52
1790099733.331737412,Uninterrupted_Baseline,38
1790099733.400116631,Uninterrupted_Baseline,42
1790099733.488584119,Uninterrupted_Baseline,47
1790099733.573049880,Uninterrupted_Baseline,49
1790099733.654838254,Uninterrupted_Baseline,53
1790099733.743454059,Uninterrupted_Baseline,39
1790099733.826504430,Uninterrupted_Baseline,44
1790099733.910792629,Uninterrupted_Baseline,48
1790099733.992858619,Uninterrupted_Baseline,51
1790099734.077879676,Uninterrupted_Baseline,37
1790099734.162331710,Uninterrupted_Baseline,40
1790099734.245330855,Uninterrupted_Baseline,44
1790099734.331115722,Uninterrupted_Baseline,49
1790099734.423628536,Uninterrupted_Baseline,52
1790099734.507488776,Uninterrupted_Baseline,37
1790099734.591924960,Uninterrupted_Baseline,41
1790099734.672585259,Uninterrupted_Baseline,45
1790099734.757077988,Uninterrupted_Baseline,34
1790099734.841417869,Uninterrupted_Baseline,39
1790099734.911625590,Uninterrupted_Baseline,43
1790099735.003413446,Uninterrupted_Baseline,48
1790099735.069704914,Uninterrupted_Baseline,50
1790099735.130624513,Uninterrupted_Baseline,52
1790099735.207189556,Uninterrupted_Baseline,38
1790099735.297456160,Uninterrupted_Baseline,42
1790099735.379627131,Uninterrupted_Baseline,46
1790099735.456852212,Uninterrupted_Baseline,49
1790099735.536212947,Uninterrupted_Baseline,52
1790099735.623805322,Uninterrupted_Baseline,38
1790099735.703328640,Uninterrupted_Baseline,42
1790099735.783270121,Uninterrupted_Baseline,47
1790099735.873781048,Uninterrupted_Baseline,51
1790099735.954943576,Uninterrupted_Baseline,53
1790099736.024220090,Uninterrupted_Baseline,38
1790099736.093703006,Uninterrupted_Baseline,42
1790099736.170689054,Uninterrupted_Baseline,47
1790099736.257526163,Uninterrupted_Baseline,49
1790099736.327863146,Uninterrupted_Baseline,51
1790099736.405583300,Uninterrupted_Baseline,37
1790099736.494629925,Uninterrupted_Baseline,42
1790099736.569220012,Uninterrupted_Baseline,46
1790099736.641616334,Uninterrupted_Baseline,49
1790099736.718610222,Uninterrupted_Baseline,51
1790099736.798933765,Uninterrupted_Baseline,38
1790099736.870336400,Uninterrupted_Baseline,41
1790099736.957171133,Uninterrupted_Baseline,45
1790099737.041868151,Uninterrupted_Baseline,49
1790099737.124597184,Uninterrupted_Baseline,36
1790099737.200998446,Uninterrupted_Baseline,38
1790099737.279241636,Uninterrupted_Baseline,44
1790099737.348521249,Uninterrupted_Baseline,46
1790099737.419396113,Uninterrupted_Baseline,49
1790099737.499875901,Uninterrupted_Baseline,52
1790099737.580834490,Uninterrupted_Baseline,38
1790099737.666805646,Uninterrupted_Baseline,42
1790099737.751016462,Uninterrupted_Baseline,46
1790099737.839630158,Uninterrupted_Baseline,49
1790099737.927060793,Uninterrupted_Baseline,37
1790099738.005964004,Uninterrupted_Baseline,39
1790099738.067227845,Uninterrupted_Baseline,43
1790099738.148200096,Uninterrupted_Baseline,33
1790099738.234289579,Uninterrupted_Baseline,37
1790099738.297057037,Uninterrupted_Baseline,41
1790099738.361271860,Uninterrupted_Baseline,43
1790099738.426689192,Uninterrupted_Baseline,46
1790099738.481053386,Uninterrupted_Baseline,48
1790099738.535790860,Uninterrupted_Baseline,50
1790099738.598274254,Uninterrupted_Baseline,53
1790099738.661265165,Uninterrupted_Baseline,38
1790099738.721447400,Uninterrupted_Baseline,42
1790099738.799781980,Uninterrupted_Baseline,45
1790099738.887919882,Uninterrupted_Baseline,49
1790099738.971612414,Uninterrupted_Baseline,52
1790099739.030234543,Uninterrupted_Baseline,38
1790099739.116056535,Uninterrupted_Baseline,42
1790099739.191754314,Uninterrupted_Baseline,44
1790099739.250555986,Uninterrupted_Baseline,47
1790099739.320751287,Uninterrupted_Baseline,36
1790099739.402379364,Uninterrupted_Baseline,40
1790099739.483303311,Uninterrupted_Baseline,45
1790099739.568845130,Uninterrupted_Baseline,49
1790099739.650197165,Uninterrupted_Baseline,52
1790099739.732412812,Uninterrupted_Baseline,37
1790099739.808767099,Uninterrupted_Baseline,40
1790099739.898547011,Uninterrupted_Baseline,45
1790099739.985699217,Uninterrupted_Baseline,49
1790099740.060070765,Uninterrupted_Baseline,52
1790099740.138252620,Uninterrupted_Baseline,55
1790099740.205570123,Uninterrupted_Baseline,40
1790099740.281337463,Uninterrupted_Baseline,44
1790099748.280518233,Phase1_Baseline,30
1790099748.361570058,Phase1_Baseline,45
1790099748.424999452,Phase1_Baseline,57
1790099748.480508022,Phase1_Baseline,63
1790099748.544118449,Phase1_Baseline,74
1790099748.601207920,Phase1_Baseline,58
1790099748.678129010,Phase1_Baseline,59
1790099748.764813521,Phase1_Baseline,59
1790099748.850071805,Phase1_Baseline,59
1790099748.935089220,Phase1_Baseline,43
1790099749.010418998,Phase1_Baseline,45
1790099749.075685366,Phase1_Baseline,27
1790099749.146266144,Phase1_Baseline,36
1790099749.211760480,Phase1_Baseline,40
1790099749.281700158,Phase1_Baseline,44
1790099749.357002949,Phase1_Baseline,47
1790099749.417178345,Phase1_Baseline,34
1790099749.482586958,Phase1_Baseline,39
1790099749.562758860,Phase1_Baseline,42
1790099749.627173017,Phase1_Baseline,45
1790099749.691593204,Phase1_Baseline,48
1790099749.766055451,Phase1_Baseline,51
1790099749.836864955,Phase1_Baseline,37
1790099749.918013042,Phase1_Baseline,41
1790099749.981889878,Phase1_Baseline,44
1790099750.037772554,Phase1_Baseline,46
1790099750.099448074,Phase1_Baseline,49
1790099750.169538696,Phase1_Baseline,52
1790099750.245076685,Phase1_Baseline,38
1790099750.331695880,Phase1_Baseline,42
1790099750.408324539,Phase1_Baseline,46
1790099750.493575206,Phase1_Baseline,50
1790099750.576966966,Phase1_Baseline,52
1790099750.657981864,Phase1_Baseline,38
1790099750.736208182,Phase1_Baseline,42
1790099750.814004788,Phase1_Baseline,45
1790099750.879737418,Phase1_Baseline,49
1790099750.954497399,Phase1_Baseline,52
1790099751.038731466,Phase1_Baseline,38
1790099751.120852343,Phase1_Baseline,41
1790099751.195760542,Phase1_Baseline,45
1790099751.274978057,Phase1_Baseline,34
1790099751.352046086,Phase1_Baseline,37
1790099751.432918920,Phase1_Baseline,41
1790099751.513911273,Phase1_Baseline,46
1790099751.597252631,Phase1_Baseline,49
1790099751.675151953,Phase1_Baseline,53
1790099751.745264754,Phase1_Baseline,38
1790099751.825595639,Phase1_Baseline,42
1790099751.912140890,Phase1_Baseline,47
1790099751.998209005,Phase1_Baseline,50
1790099752.078252548,Phase1_Baseline,53
1790099752.157595728,Phase1_Baseline,39
1790099752.248421240,Phase1_Baseline,44
1790099752.330317221,Phase1_Baseline,48
1790099752.410523528,Phase1_Baseline,51
1790099752.484996472,Phase1_Baseline,37
1790099752.571268653,Phase1_Baseline,39
1790099752.649388925,Phase1_Baseline,45
1790099752.735630225,Phase2_Migrated,29
1790099752.829487561,Phase2_Migrated,45
1790099752.916334662,Phase2_Migrated,59
1790099753.006389602,Phase2_Migrated,43
1790099753.102232106,Phase2_Migrated,48
1790099753.202884728,Phase2_Migrated,52
1790099753.298089046,Phase2_Migrated,39
1790099753.376568583,Phase2_Migrated,44
1790099753.469564987,Phase2_Migrated,48
1790099753.561684623,Phase2_Migrated,51
1790099753.657387921,Phase2_Migrated,39
1790099753.737294955,Phase2_Migrated,42
1790099753.829555365,Phase2_Migrated,47
1790099753.923978791,Phase2_Migrated,34
1790099754.012289566,Phase2_Migrated,39
1790099754.104451281,Phase2_Migrated,43
1790099754.194023456,Phase2_Migrated,48
1790099754.286445882,Phase2_Migrated,51
1790099754.382402199,Phase2_Migrated,38
1790099754.477292683,Phase2_Migrated,42
1790099754.571214271,Phase2_Migrated,47
1790099754.659193543,Phase2_Migrated,51
1790099754.748506367,Phase2_Migrated,37
1790099754.837530801,Phase2_Migrated,41
1790099754.904728378,Phase2_Migrated,44
1790099755.003921244,Phase2_Migrated,49
1790099755.113690197,Phase2_Migrated,52
1790099755.179988609,Phase2_Migrated,38
1790099755.261745163,Phase2_Migrated,41
1790099755.344141757,Phase2_Migrated,46
1790099755.426487349,Phase2_Migrated,49
1790099755.511632149,Phase2_Migrated,53
1790099755.608114444,Phase2_Migrated,38
1790099755.696293615,Phase2_Migrated,41
1790099755.787704842,Phase2_Migrated,46
1790099755.888224172,Phase2_Migrated,35
1790099755.984817754,Phase2_Migrated,41
1790099756.079785526,Phase2_Migrated,46
1790099756.166787634,Phase2_Migrated,50
1790099756.264174445,Phase2_Migrated,37
1790099756.337487930,Phase2_Migrated,40
1790099756.437575392,Phase2_Migrated,44
1790099756.520244084,Phase2_Migrated,49
1790099756.601826452,Phase2_Migrated,52
1790099756.697738144,Phase2_Migrated,38
1790099756.795260218,Phase2_Migrated,42
1790099756.891847000,Phase2_Migrated,47
1790099756.987715650,Phase2_Migrated,51
1790099757.712961789,Uninterrupted_Baseline,28
1790099757.805721078,Uninterrupted_Baseline,43
1790099757.892799744,Uninterrupted_Baseline,58
1790099757.980321606,Uninterrupted_Baseline,41
1790099758.058127154,Uninterrupted_Baseline,43
1790099758.132721517,Uninterrupted_Baseline,47
1790099758.206591260,Uninterrupted_Baseline,50
1790099758.268415224,Uninterrupted_Baseline,52
1790099758.337439144,Uninterrupted_Baseline,39
1790099758.405616733,Uninterrupted_Baseline,40
1790099758.458967694,Uninterrupted_Baseline,44
1790099758.514155761,Uninterrupted_Baseline,47
1790099758.578960332,Uninterrupted_Baseline,33
1790099758.647121206,Uninterrupted_Baseline,37
1790099758.719608900,Uninterrupted_Baseline,41
1790099758.802923669,Uninterrupted_Baseline,45
1790099758.880038974,Uninterrupted_Baseline,48
1790099758.948596419,Uninterrupted_Baseline,51
1790099759.014881070,Uninterrupted_Baseline,37
1790099759.081675741,Uninterrupted_Baseline,39
1790099759.169600108,Uninterrupted_Baseline,44
1790099759.239823786,Uninterrupted_Baseline,47
1790099759.319256012,Uninterrupted_Baseline,50
1790099759.397002371,Uninterrupted_Baseline,53
1790099759.457796662,Uninterrupted_Baseline,38
1790099759.539824617,Uninterrupted_Baseline,42
1790099759.619881091,Uninterrupted_Baseline,46
1790099759.698421944,Uninterrupted_Baseline,49
1790099759.772406139,Uninterrupted_Baseline,52
1790099759.851480856,Uninterrupted_Baseline,38
1790099759.932894221,Uninterrupted_Baseline,42
1790099760.022340565,Uninterrupted_Baseline,47
1790099760.105048222,Uninterrupted_Baseline,49
1790099760.186536508,Uninterrupted_Baseline,53
1790099760.278841323,Uninterrupted_Baseline,39
1790099760.357277529,Uninterrupted_Baseline,42
1790099760.417628918,Uninterrupted_Baseline,46
1790099760.475976872,Uninterrupted_Baseline,48
1790099760.541072325,Uninterrupted_Baseline,35
1790099760.609529475,Uninterrupted_Baseline,39
1790099760.693741819,Uninterrupted_Baseline,43
1790099760.749520379,Uninterrupted_Baseline,46
1790099760.805737090,Uninterrupted_Baseline,49
1790099760.868489164,Uninterrupted_Baseline,51
1790099760.936894523,Uninterrupted_Baseline,54
1790099761.021452850,Uninterrupted_Baseline,39
1790099761.106139146,Uninterrupted_Baseline,43
1790099761.192780042,Uninterrupted_Baseline,32
1790099761.269773920,Uninterrupted_Baseline,34
1790099761.323779584,Uninterrupted_Baseline,38
1790099761.379797490,Uninterrupted_Baseline,41
1790099761.455712665,Uninterrupted_Baseline,31
1790099761.539327965,Uninterrupted_Baseline,34
1790099761.617018236,Uninterrupted_Baseline,39
1790099761.709921487,Uninterrupted_Baseline,43
1790099761.791375654,Uninterrupted_Baseline,32
1790099761.877604241,Uninterrupted_Baseline,35
1790099761.931320943,Uninterrupted_Baseline,38
1790099762.006598251,Uninterrupted_Baseline,42
1790099762.091968288,Uninterrupted_Baseline,47
1790099762.174610584,Uninterrupted_Baseline,49
1790099762.256715588,Uninterrupted_Baseline,53
1790099762.321690027,Uninterrupted_Baseline,39
1790099762.395675154,Uninterrupted_Baseline,43
1790099762.465604607,Uninterrupted_Baseline,45
1790099762.531592470,Uninterrupted_Baseline,34
1790099762.610159837,Uninterrupted_Baseline,38
1790099762.693687143,Uninterrupted_Baseline,42
1790099762.760785624,Uninterrupted_Baseline,46
1790099762.845240675,Uninterrupted_Baseline,49
1790099762.925956152,Uninterrupted_Baseline,52
1790099763.015749731,Uninterrupted_Baseline,38
1790099763.103162230,Uninterrupted_Baseline,42
1790099763.187076162,Uninterrupted_Baseline,47
1790099763.254538679,Uninterrupted_Baseline,49
1790099763.341496607,Uninterrupted_Baseline,52
1790099763.423316940,Uninterrupted_Baseline,38
1790099763.494698166,Uninterrupted_Baseline,42
1790099763.584786700,Uninterrupted_Baseline,47
1790099763.676839883,Uninterrupted_Baseline,50
1790099763.747777975,Uninterrupted_Baseline,53
1790099763.815282656,Uninterrupted_Baseline,27
1790099763.874434274,Uninterrupted_Baseline,40
1790099763.943885988,Uninterrupted_Baseline,43
1790099764.016688121,Uninterrupted_Baseline,47
1790099764.086991991,Uninterrupted_Baseline,34
1790099764.167540354,Uninterrupted_Baseline,38
1790099764.233470351,Uninterrupted_Baseline,42
1790099764.305186245,Uninterrupted_Baseline,47
1790099764.391198700,Uninterrupted_Baseline,50
1790099764.475056005,Uninterrupted_Baseline,53
1790099764.563453991,Uninterrupted_Baseline,39
1790099764.650191729,Uninterrupted_Baseline,43
1790099764.732056163,Uninterrupted_Baseline,48
1790099764.814475704,Uninterrupted_Baseline,49
1790099764.885277912,Uninterrupted_Baseline,52
1790099764.972249421,Uninterrupted_Baseline,38
1790099765.024140940,Uninterrupted_Baseline,41
1790099765.081705957,Uninterrupted_Baseline,44
1790099765.153577415,Uninterrupted_Baseline,48
1790099765.223166251,Uninterrupted_Baseline,50
1790099765.306030646,Uninterrupted_Baseline,53
1790099765.380344428,Uninterrupted_Baseline,39
1790099765.458747669,Uninterrupted_Baseline,43
1790099765.549505759,Uninterrupted_Baseline,47
1790099765.617199163,Uninterrupted_Baseline,50
1790099765.703901519,Uninterrupted_Baseline,53
1790099765.782801980,Uninterrupted_Baseline,39
1790099765.867038584,Uninterrupted_Baseline,42
1790099765.956057233,Uninterrupted_Baseline,47
1790099766.039478877,Uninterrupted_Baseline,51
1790099766.128733585,Uninterrupted_Baseline,38
1790099766.212804399,Uninterrupted_Baseline,42
1790099766.296987310,Uninterrupted_Baseline,45
1790099766.356098043,Uninterrupted_Baseline,48
1790099766.430014285,Uninterrupted_Baseline,51
1790099774.457302747,Phase1_Baseline,20
1790099774.537715719,Phase1_Baseline,42
1790099774.623475990,Phase1_Baseline,55
1790099774.705792542,Phase1_Baseline,45
1790099774.775674364,Phase1_Baseline,47
1790099774.856864119,Phase1_Baseline,49
1790099774.933075168,Phase1_Baseline,53
1790099775.019952245,Phase1_Baseline,39
1790099775.103747878,Phase1_Baseline,42
1790099775.201078468,Phase1_Baseline,47
1790099775.258377894,Phase1_Baseline,35
1790099775.332252576,Phase1_Baseline,38
1790099775.410994546,Phase1_Baseline,42
1790099775.483503598,Phase1_Baseline,46
1790099775.557918945,Phase1_Baseline,50
1790099775.644348902,Phase1_Baseline,53
1790099775.712628780,Phase1_Baseline,38
1790099775.792985895,Phase1_Baseline,42
1790099775.875235778,Phase1_Baseline,47
1790099775.962602758,Phase1_Baseline,35
1790099776.047227193,Phase1_Baseline,41
1790099776.130915631,Phase1_Baseline,45
1790099776.216078461,Phase1_Baseline,48
1790099776.290951306,Phase1_Baseline,50
1790099776.351616731,Phase1_Baseline,53
1790099776.415957570,Phase1_Baseline,39
1790099776.494338441,Phase1_Baseline,44
1790099776.579011860,Phase1_Baseline,47
1790099776.669459760,Phase1_Baseline,36
1790099776.749698931,Phase1_Baseline,40
1790099776.820086577,Phase1_Baseline,44
1790099776.901823094,Phase1_Baseline,32
1790099776.984014243,Phase1_Baseline,36
1790099777.063072605,Phase1_Baseline,40
1790099777.150111808,Phase1_Baseline,45
1790099777.233264387,Phase1_Baseline,32
1790099777.302393659,Phase1_Baseline,35
1790099777.374902839,Phase1_Baseline,39
1790099777.447434055,Phase1_Baseline,43
1790099777.531104895,Phase1_Baseline,47
1790099777.605244213,Phase1_Baseline,49
1790099777.684185913,Phase1_Baseline,53
1790099777.763114503,Phase1_Baseline,39
1790099777.841375508,Phase1_Baseline,42
1790099777.923050473,Phase1_Baseline,47
1790099777.993561207,Phase1_Baseline,34
1790099778.071000681,Phase1_Baseline,38
1790099778.146524496,Phase1_Baseline,42
1790099778.223163472,Phase1_Baseline,46
1790099778.291594468,Phase1_Baseline,49
1790099778.373855256,Phase1_Baseline,52
1790099778.442473126,Phase1_Baseline,38
1790099778.494604243,Phase1_Baseline,39
1790099778.551687596,Phase1_Baseline,42
1790099778.609942761,Phase1_Baseline,45
1790099778.665930544,Phase1_Baseline,48
1790099778.736121305,Phase1_Baseline,51
1790099778.805206978,Phase1_Baseline,53
1790099778.975614713,Phase2_Migrated,33
1790099779.062172344,Phase2_Migrated,50
1790099779.149765607,Phase2_Migrated,68
1790099779.236106055,Phase2_Migrated,85
1790099779.329587034,Phase2_Migrated,65
1790099779.419861558,Phase2_Migrated,46
1790099779.518588446,Phase2_Migrated,48
1790099779.616638310,Phase2_Migrated,52
1790099779.705285975,Phase2_Migrated,38
1790099779.794245494,Phase2_Migrated,42
1790099779.879827061,Phase2_Migrated,46
1790099779.955085627,Phase2_Migrated,49
1790099780.049060886,Phase2_Migrated,53
1790099780.138493741,Phase2_Migrated,40
1790099780.242226088,Phase2_Migrated,45
1790099780.337175934,Phase2_Migrated,49
1790099780.411948484,Phase2_Migrated,53
1790099780.503975395,Phase2_Migrated,39
1790099780.598201322,Phase2_Migrated,44
1790099780.687315795,Phase2_Migrated,47
1790099780.772059673,Phase2_Migrated,51
1790099780.858839703,Phase2_Migrated,36
1790099780.955212290,Phase2_Migrated,41
1790099781.052169367,Phase2_Migrated,45
1790099781.148881488,Phase2_Migrated,49
1790099781.240539125,Phase2_Migrated,53
1790099781.325821078,Phase2_Migrated,38
1790099781.400212524,Phase2_Migrated,42
1790099781.496495471,Phase2_Migrated,47
1790099781.601137799,Phase2_Migrated,50
1790099781.699079484,Phase2_Migrated,38
1790099781.793564438,Phase2_Migrated,42
1790099781.887541115,Phase2_Migrated,46
1790099781.981403280,Phase2_Migrated,50
1790099782.078596324,Phase2_Migrated,37
1790099782.172773730,Phase2_Migrated,42
1790099782.256293355,Phase2_Migrated,45
1790099782.347212315,Phase2_Migrated,48
1790099782.424837475,Phase2_Migrated,51
1790099782.505058668,Phase2_Migrated,38
1790099782.594826789,Phase2_Migrated,42
1790099782.703255674,Phase2_Migrated,47
1790099782.796348306,Phase2_Migrated,51
1790099782.888781390,Phase2_Migrated,38
1790099782.968845023,Phase2_Migrated,41
1790099783.066185493,Phase2_Migrated,46
1790099783.160171999,Phase2_Migrated,49
1790099783.893236165,Uninterrupted_Baseline,29
1790099783.983770515,Uninterrupted_Baseline,46
1790099784.072306728,Uninterrupted_Baseline,40
1790099784.160526774,Uninterrupted_Baseline,44
1790099784.248695679,Uninterrupted_Baseline,47
1790099784.329165505,Uninterrupted_Baseline,50
1790099784.420217031,Uninterrupted_Baseline,54
1790099784.507015442,Uninterrupted_Baseline,39
1790099784.591994227,Uninterrupted_Baseline,43
1790099784.675841340,Uninterrupted_Baseline,47
1790099784.761021447,Uninterrupted_Baseline,36
1790099784.841588399,Uninterrupted_Baseline,41
1790099784.927546424,Uninterrupted_Baseline,46
1790099785.001081402,Uninterrupted_Baseline,50
1790099785.086993196,Uninterrupted_Baseline,52
1790099785.170958122,Uninterrupted_Baseline,38
1790099785.257865897,Uninterrupted_Baseline,42
1790099785.342184951,Uninterrupted_Baseline,47
1790099785.433098777,Uninterrupted_Baseline,50
1790099785.517518463,Uninterrupted_Baseline,37
1790099785.605562734,Uninterrupted_Baseline,42
1790099785.678825031,Uninterrupted_Baseline,45
1790099785.763695409,Uninterrupted_Baseline,34
1790099785.852961624,Uninterrupted_Baseline,40
1790099785.935634141,Uninterrupted_Baseline,44
1790099786.025475705,Uninterrupted_Baseline,49
1790099786.104440263,Uninterrupted_Baseline,51
1790099786.172104240,Uninterrupted_Baseline,37
1790099786.258160286,Uninterrupted_Baseline,40
1790099786.338211496,Uninterrupted_Baseline,44
1790099786.431273061,Uninterrupted_Baseline,49
1790099786.518924600,Uninterrupted_Baseline,52
1790099786.614452000,Uninterrupted_Baseline,39
1790099786.697327135,Uninterrupted_Baseline,42
1790099786.762247717,Uninterrupted_Baseline,47
1790099786.848029124,Uninterrupted_Baseline,49
1790099786.906097459,Uninterrupted_Baseline,52
1790099786.970134591,Uninterrupted_Baseline,54
1790099787.051044886,Uninterrupted_Baseline,40
1790099787.133349488,Uninterrupted_Baseline,43
1790099787.194307737,Uninterrupted_Baseline,47
1790099787.267226240,Uninterrupted_Baseline,35
1790099787.343518145,Uninterrupted_Baseline,40
1790099787.430759101,Uninterrupted_Baseline,44
1790099787.513885477,Uninterrupted_Baseline,49
1790099787.598490135,Uninterrupted_Baseline,51
1790099787.679341912,Uninterrupted_Baseline,55
1790099787.769762242,Uninterrupted_Baseline,40
1790099787.854016276,Uninterrupted_Baseline,45
1790099787.938008835,Uninterrupted_Baseline,33
1790099788.021850338,Uninterrupted_Baseline,37
1790099788.092320707,Uninterrupted_Baseline,41
1790099788.179278463,Uninterrupted_Baseline,46
1790099788.262274959,Uninterrupted_Baseline,49
1790099788.347973279,Uninterrupted_Baseline,52
1790099788.419636954,Uninterrupted_Baseline,38
1790099788.474325961,Uninterrupted_Baseline,39
1790099788.544475488,Uninterrupted_Baseline,43
1790099788.610692661,Uninterrupted_Baseline,46
1790099788.680050873,Uninterrupted_Baseline,49
1790099788.753456772,Uninterrupted_Baseline,36
1790099788.838517443,Uninterrupted_Baseline,41
1790099788.914766164,Uninterrupted_Baseline,46
1790099789.000478974,Uninterrupted_Baseline,49
1790099789.083071237,Uninterrupted_Baseline,52
1790099789.156041876,Uninterrupted_Baseline,37
1790099789.221144988,Uninterrupted_Baseline,39
1790099789.293969042,Uninterrupted_Baseline,43
1790099789.369311500,Uninterrupted_Baseline,47
1790099789.450485759,Uninterrupted_Baseline,51
1790099789.531671048,Uninterrupted_Baseline,38
1790099789.601604732,Uninterrupted_Baseline,40
1790099789.673488196,Uninterrupted_Baseline,44
1790099789.731160289,Uninterrupted_Baseline,46
1790099789.808607763,Uninterrupted_Baseline,36
1790099789.884681945,Uninterrupted_Baseline,38
1790099789.957842091,Uninterrupted_Baseline,44
1790099790.031152643,Uninterrupted_Baseline,47
1790099790.112548510,Uninterrupted_Baseline,49
1790099790.190225157,Uninterrupted_Baseline,52
1790099790.257042644,Uninterrupted_Baseline,38
1790099790.343397639,Uninterrupted_Baseline,42
1790099790.434288710,Uninterrupted_Baseline,46
1790099790.511258328,Uninterrupted_Baseline,50
1790099790.582998688,Uninterrupted_Baseline,53
1790099790.669516482,Uninterrupted_Baseline,38
1790099790.761808654,Uninterrupted_Baseline,41
1790099790.831590755,Uninterrupted_Baseline,46
1790099790.910106803,Uninterrupted_Baseline,34
1790099790.989104651,Uninterrupted_Baseline,38
1790099791.067455043,Uninterrupted_Baseline,42
1790099791.149591385,Uninterrupted_Baseline,46
1790099791.232007226,Uninterrupted_Baseline,34
1790099791.292798866,Uninterrupted_Baseline,38
1790099791.359605533,Uninterrupted_Baseline,41
1790099791.437592484,Uninterrupted_Baseline,46
1790099791.511289403,Uninterrupted_Baseline,35
1790099791.601507446,Uninterrupted_Baseline,40
1790099791.690713851,Uninterrupted_Baseline,43
1790099791.761641253,Uninterrupted_Baseline,47
1790099791.835137461,Uninterrupted_Baseline,36
1790099791.923267316,Uninterrupted_Baseline,41
1790099792.011284169,Uninterrupted_Baseline,44
1790099792.100324708,Uninterrupted_Baseline,49
1790099792.186900172,Uninterrupted_Baseline,51
1790099792.278517770,Uninterrupted_Baseline,38
1790099792.364528548,Uninterrupted_Baseline,42
1790099792.450303725,Uninterrupted_Baseline,47
1790099792.535028918,Uninterrupted_Baseline,49
