file_size_mb,mean,median,std,min,max,count
50,8.8425,8.8349,0.0233,8.8146,8.8768,10
100,17.6083,17.6044,0.0142,17.5871,17.6345,10
150,26.3849,26.3823,0.009,26.3721,26.3969,10
200,35.1724,35.1738,0.0091,35.1556,35.1881,10
250,43.9554,43.945,0.0249,43.9342,44.0192,10
300,52.736,52.7367,0.0243,52.6904,52.7769,10
350,61.5198,61.5132,0.0162,61.503,61.549,10
400,70.3022,70.3003,0.0224,70.2684,70.3371,10
450,79.0639,79.0672,0.0196,79.0296,79.0904,10
500,87.8478,87.8488,0.0183,87.8136,87.8761,10
