file_size_mb,direct_transfer_mean,direct_transfer_median,direct_transfer_std,direct_transfer_min,direct_transfer_max,direct_transfer_count,migration_transfer_mean,migration_transfer_median,migration_transfer_std,migration_transfer_min,migration_transfer_max,migration_transfer_count,diff_mean,diff_median,diff_std,diff_min,diff_max,diff_count
50,8.8279,8.8273,0.012,8.8085,8.8468,10,8.8864,8.8902,0.0167,8.8563,8.9152,10,0.0585,0.065,0.0181,0.021,0.0801,10
100,17.6069,17.6072,0.0109,17.5898,17.6287,10,17.665,17.6662,0.018,17.6323,17.6911,10,0.0581,0.0553,0.018,0.0344,0.0826,10
150,26.3927,26.3878,0.0156,26.3788,26.4353,10,26.4482,26.449,0.018,26.4214,26.4916,10,0.0555,0.0505,0.0229,0.0184,0.1083,10
200,35.1845,35.1926,0.0154,35.1575,35.1981,10,35.2293,35.2327,0.0194,35.1862,35.2547,10,0.0448,0.0455,0.0282,-0.0101,0.0972,10
250,43.9527,43.9537,0.0229,43.9207,43.9993,10,43.9966,43.992,0.0181,43.9757,44.0313,10,0.0439,0.04,0.0321,-0.0172,0.0994,10
300,52.7297,52.733,0.01,52.7111,52.7413,10,52.7959,52.7949,0.0228,52.7583,52.8345,10,0.0662,0.0696,0.0291,0.0177,0.1149,10
350,61.5165,61.5161,0.0163,61.4926,61.5463,10,61.5688,61.5573,0.0323,61.5349,61.6384,10,0.0523,0.0515,0.043,-0.0114,0.1363,10
400,70.3039,70.3013,0.0219,70.2755,70.3376,10,70.3553,70.3579,0.025,70.3135,70.4073,10,0.0514,0.0477,0.0354,0.0009,0.1251,10
450,79.0892,79.0839,0.0285,79.0486,79.1437,10,79.1364,79.1401,0.0257,79.0998,79.177,10,0.0472,0.0371,0.0438,-0.0307,0.1127,10
500,87.8738,87.8785,0.0434,87.8029,87.9493,10,87.9424,87.9111,0.0662,87.852,88.0741,10,0.0686,0.0653,0.0755,-0.0568,0.2072,10
