test_name,file_size_mb,cwnd_mode,rate,latency,jitter,loss,iterations,baseline_mean_sec,baseline_median_sec,baseline_std_sec,baseline_var_sec2,migration_mean_sec,migration_median_sec,migration_std_sec,migration_var_sec2,overhead_mean_sec,overhead_median_sec,overhead_std_sec,overhead_var_sec2,overhead_min_sec,overhead_max_sec,overhead_ci95_sec,relative_overhead_pct
pure_baseline_control_50MB,50,reno,50mbit,0ms,0ms,0%,10,8.8279,8.8273,0.0127,0.000161,8.8864,8.8902,0.0176,0.000311,0.0585,0.0650,0.0190,0.000362,0.0210,0.0801,0.0136,0.66
pure_baseline_control_100MB,100,reno,50mbit,0ms,0ms,0%,10,17.6069,17.6072,0.0114,0.000131,17.6650,17.6662,0.0190,0.000360,0.0581,0.0553,0.0189,0.000358,0.0344,0.0826,0.0135,0.33
pure_baseline_control_150MB,150,reno,50mbit,0ms,0ms,0%,10,26.3927,26.3878,0.0164,0.000270,26.4482,26.4490,0.0189,0.000358,0.0555,0.0505,0.0241,0.000583,0.0184,0.1083,0.0173,0.21
pure_baseline_control_200MB,200,reno,50mbit,0ms,0ms,0%,10,35.1845,35.1926,0.0162,0.000263,35.2293,35.2327,0.0204,0.000417,0.0448,0.0455,0.0297,0.000885,-0.0101,0.0972,0.0213,0.13
pure_baseline_control_250MB,250,reno,50mbit,0ms,0ms,0%,10,43.9527,43.9537,0.0241,0.000582,43.9966,43.9920,0.0191,0.000364,0.0439,0.0400,0.0338,0.001144,-0.0172,0.0994,0.0242,0.10
pure_baseline_control_300MB,300,reno,50mbit,0ms,0ms,0%,10,52.7297,52.7330,0.0106,0.000111,52.7959,52.7949,0.0240,0.000577,0.0662,0.0696,0.0307,0.000942,0.0177,0.1149,0.0220,0.13
pure_baseline_control_350MB,350,reno,50mbit,0ms,0ms,0%,10,61.5165,61.5161,0.0172,0.000295,61.5688,61.5573,0.0340,0.001157,0.0523,0.0515,0.0453,0.002053,-0.0114,0.1363,0.0324,0.09
pure_baseline_control_400MB,400,reno,50mbit,0ms,0ms,0%,10,70.3039,70.3013,0.0231,0.000534,70.3553,70.3579,0.0263,0.000694,0.0514,0.0477,0.0373,0.001389,0.0009,0.1251,0.0267,0.07
pure_baseline_control_450MB,450,reno,50mbit,0ms,0ms,0%,10,79.0892,79.0839,0.0301,0.000904,79.1364,79.1401,0.0270,0.000731,0.0472,0.0371,0.0462,0.002133,-0.0307,0.1127,0.0330,0.06
pure_baseline_control_500MB,500,reno,50mbit,0ms,0ms,0%,10,87.8738,87.8785,0.0458,0.002096,87.9424,87.9111,0.0698,0.004871,0.0686,0.0653,0.0796,0.006340,-0.0568,0.2072,0.0570,0.08
