sweep_type,test_name,file_size_mb,cwnd_mode,rate,latency,jitter,loss,latency_ms,jitter_ms,loss_pct,iterations,baseline_mean_sec,baseline_std_sec,migration_mean_sec,migration_std_sec,overhead_mean_sec,overhead_std_sec,relative_overhead_pct,goodput_baseline_mbps,goodput_migration_mbps
latency_sweep,sweep_latency_sweep_10ms_0ms_0_100MB,100,cubic,50mbit,10ms,0ms,0%,10.0,0.0,0.0,10,18.3857,0.0364,18.8744,0.0824,0.4887,0.0771,2.66,45.63,44.44
latency_sweep,sweep_latency_sweep_10ms_0ms_0_200MB,200,cubic,50mbit,10ms,0ms,0%,10.0,0.0,0.0,10,36.3389,0.0432,36.7741,0.0501,0.4352,0.0664,1.20,46.17,45.62
latency_sweep,sweep_latency_sweep_160ms_0ms_0_100MB,100,cubic,50mbit,160ms,0ms,0%,160.0,0.0,0.0,10,31.5083,2.0650,38.7686,1.0294,7.2603,2.4052,23.04,26.62,21.64
latency_sweep,sweep_latency_sweep_160ms_0ms_0_200MB,200,cubic,50mbit,160ms,0ms,0%,160.0,0.0,0.0,10,58.2934,1.8505,65.2803,4.8583,6.9870,6.0281,11.99,28.78,25.70
latency_sweep,sweep_latency_sweep_20ms_0ms_0_100MB,100,cubic,50mbit,20ms,0ms,0%,20.0,0.0,0.0,10,19.5574,0.1104,20.6356,0.1193,1.0783,0.1548,5.51,42.89,40.65
latency_sweep,sweep_latency_sweep_20ms_0ms_0_200MB,200,cubic,50mbit,20ms,0ms,0%,20.0,0.0,0.0,10,37.9403,0.1975,39.0906,0.2753,1.1503,0.3137,3.03,44.22,42.92
latency_sweep,sweep_latency_sweep_40ms_0ms_0_100MB,100,cubic,50mbit,40ms,0ms,0%,40.0,0.0,0.0,10,21.9948,1.3129,23.7873,1.0177,1.7925,1.7712,8.15,38.14,35.27
latency_sweep,sweep_latency_sweep_40ms_0ms_0_200MB,200,cubic,50mbit,40ms,0ms,0%,40.0,0.0,0.0,10,45.3660,3.9772,46.0244,2.1565,0.6584,3.3602,1.45,36.98,36.45
latency_sweep,sweep_latency_sweep_80ms_0ms_0_100MB,100,cubic,50mbit,80ms,0ms,0%,80.0,0.0,0.0,10,26.4332,1.3547,32.0171,1.6114,5.5839,2.1238,21.12,31.74,26.20
latency_sweep,sweep_latency_sweep_80ms_0ms_0_200MB,200,cubic,50mbit,80ms,0ms,0%,80.0,0.0,0.0,10,47.6180,3.2207,52.1940,2.0305,4.5760,3.2650,9.61,35.23,32.14
loss_sweep,sweep_loss_sweep_20ms_0ms_01_100MB,100,cubic,50mbit,20ms,0ms,0.1%,20.0,0.0,0.1,10,69.0530,5.7609,61.4737,9.1870,-7.5793,11.4367,-10.98,12.15,13.65
loss_sweep,sweep_loss_sweep_20ms_0ms_01_200MB,200,cubic,50mbit,20ms,0ms,0.1%,20.0,0.0,0.1,10,145.2488,12.0250,133.5091,6.6068,-11.7397,12.7596,-8.08,11.55,12.57
loss_sweep,sweep_loss_sweep_20ms_0ms_05_100MB,100,cubic,50mbit,20ms,0ms,0.5%,20.0,0.0,0.5,10,177.8428,7.5913,169.8808,10.9753,-7.9620,14.5688,-4.48,4.72,4.94
loss_sweep,sweep_loss_sweep_20ms_0ms_05_200MB,200,cubic,50mbit,20ms,0ms,0.5%,20.0,0.0,0.5,10,375.4248,7.6600,364.9654,6.8921,-10.4594,11.8205,-2.79,4.47,4.60
loss_sweep,sweep_loss_sweep_20ms_0ms_1_100MB,100,cubic,50mbit,20ms,0ms,1%,20.0,0.0,1.0,10,265.5275,6.5424,257.6558,12.7922,-7.8717,16.1859,-2.96,3.16,3.26
loss_sweep,sweep_loss_sweep_20ms_0ms_1_200MB,200,cubic,50mbit,20ms,0ms,1%,20.0,0.0,1.0,10,536.6619,13.7543,532.3056,10.4950,-4.3563,18.5461,-0.81,3.13,3.15
loss_sweep,sweep_loss_sweep_20ms_0ms_2_100MB,100,cubic,50mbit,20ms,0ms,2%,20.0,0.0,2.0,10,396.8554,11.4599,393.6176,12.0734,-3.2377,18.8271,-0.82,2.11,2.13
loss_sweep,sweep_loss_sweep_20ms_0ms_2_200MB,200,cubic,50mbit,20ms,0ms,2%,20.0,0.0,2.0,10,804.5443,19.2370,800.2441,18.9911,-4.3003,26.7803,-0.53,2.09,2.10
loss_sweep,sweep_loss_sweep_20ms_0ms_5_100MB,100,cubic,50mbit,20ms,0ms,5%,20.0,0.0,5.0,10,740.4116,8.7390,742.9104,12.3491,2.4987,17.0035,0.34,1.13,1.13
loss_sweep,sweep_loss_sweep_20ms_0ms_5_200MB,200,cubic,50mbit,20ms,0ms,5%,20.0,0.0,5.0,10,1486.7008,13.3002,1490.9304,19.2449,4.2296,26.4010,0.28,1.13,1.13
jitter_sweep,sweep_jitter_sweep_40ms_10ms_0_100MB,100,cubic,50mbit,40ms,10ms,0%,40.0,10.0,0.0,10,24.6578,3.6050,28.0554,2.7574,3.3976,5.5611,13.78,34.02,29.90
jitter_sweep,sweep_jitter_sweep_40ms_10ms_0_200MB,200,cubic,50mbit,40ms,10ms,0%,40.0,10.0,0.0,10,47.2108,3.5252,50.8726,3.6120,3.6618,5.8947,7.76,35.54,32.98
jitter_sweep,sweep_jitter_sweep_40ms_20ms_0_100MB,100,cubic,50mbit,40ms,20ms,0%,40.0,20.0,0.0,10,28.1399,4.2574,30.4145,2.7329,2.2745,5.8299,8.08,29.81,27.58
jitter_sweep,sweep_jitter_sweep_40ms_20ms_0_200MB,200,cubic,50mbit,40ms,20ms,0%,40.0,20.0,0.0,10,52.7732,6.4292,55.1071,7.7681,2.3339,12.3164,4.42,31.79,30.44
jitter_sweep,sweep_jitter_sweep_40ms_2ms_0_100MB,100,cubic,50mbit,40ms,2ms,0%,40.0,2.0,0.0,10,21.3158,0.9794,23.9031,1.2985,2.5874,1.2396,12.14,39.35,35.09
jitter_sweep,sweep_jitter_sweep_40ms_2ms_0_200MB,200,cubic,50mbit,40ms,2ms,0%,40.0,2.0,0.0,10,40.9296,1.0536,43.9272,2.0137,2.9977,2.1326,7.32,40.99,38.19
jitter_sweep,sweep_jitter_sweep_40ms_5ms_0_100MB,100,cubic,50mbit,40ms,5ms,0%,40.0,5.0,0.0,10,23.0829,3.2560,25.6791,2.4089,2.5962,3.1558,11.25,36.34,32.67
jitter_sweep,sweep_jitter_sweep_40ms_5ms_0_200MB,200,cubic,50mbit,40ms,5ms,0%,40.0,5.0,0.0,10,43.8695,2.5960,46.5345,3.2972,2.6649,2.9375,6.07,38.24,36.05
