file_size_mb,baseline_formatted,migration_formatted,overhead_mean_sec,overhead_mean_ms,overhead_median_sec,overhead_median_ms,overhead_variance_sec2,overhead_variance_ms2,overhead_std_sec,overhead_std_ms,overhead_min_sec,overhead_max_sec,overhead_ci95_margin_sec,overhead_ci95_margin_ms,relative_overhead_pct,baseline_mean_sec,baseline_std_sec,migration_mean_sec,migration_std_sec
50,8.843 ± 0.025 s,8.885 ± 0.015 s,0.0427,42.66,0.0539,53.88,0.000860,860.01,0.0293,29.33,0.0054,0.0868,0.0210,20.98,0.48%,8.8425,0.0246,8.8852,0.0145
100,17.608 ± 0.015 s,17.666 ± 0.024 s,0.0577,57.67,0.0595,59.50,0.001279,1278.70,0.0358,35.76,-0.0103,0.1185,0.0256,25.58,0.33%,17.6083,0.0149,17.6660,0.0245
150,26.385 ± 0.010 s,26.442 ± 0.015 s,0.0573,57.27,0.0534,53.42,0.000334,334.44,0.0183,18.29,0.0380,0.0930,0.0131,13.08,0.22%,26.3849,0.0095,26.4421,0.0150
200,35.172 ± 0.010 s,35.222 ± 0.026 s,0.0495,49.53,0.0411,41.06,0.000854,854.22,0.0292,29.23,0.0074,0.1114,0.0209,20.91,0.14%,35.1724,0.0096,35.2219,0.0262
250,43.955 ± 0.026 s,43.998 ± 0.009 s,0.0431,43.06,0.0467,46.66,0.000756,755.98,0.0275,27.50,-0.0224,0.0750,0.0197,19.67,0.10%,43.9554,0.0262,43.9985,0.0094
300,52.736 ± 0.026 s,52.787 ± 0.013 s,0.0510,51.04,0.0506,50.62,0.001008,1008.39,0.0318,31.76,-0.0061,0.0978,0.0227,22.71,0.10%,52.7360,0.0257,52.7870,0.0126
350,61.520 ± 0.017 s,61.564 ± 0.023 s,0.0445,44.47,0.0391,39.08,0.000974,973.88,0.0312,31.21,-0.0009,0.1070,0.0223,22.32,0.07%,61.5198,0.0171,61.5642,0.0230
400,70.302 ± 0.024 s,70.346 ± 0.027 s,0.0436,43.65,0.0449,44.92,0.000938,937.54,0.0306,30.62,-0.0071,0.0853,0.0219,21.90,0.06%,70.3022,0.0236,70.3459,0.0266
450,79.064 ± 0.021 s,79.126 ± 0.021 s,0.0623,62.25,0.0510,50.96,0.001233,1232.60,0.0351,35.11,0.0294,0.1384,0.0251,25.11,0.08%,79.0639,0.0207,79.1261,0.0211
500,87.848 ± 0.019 s,87.919 ± 0.023 s,0.0708,70.79,0.0622,62.21,0.001205,1204.89,0.0347,34.71,0.0273,0.1474,0.0248,24.83,0.08%,87.8478,0.0192,87.9186,0.0232
