Payload (MB),Packet Loss (%),Baseline Mean ± Std (s),Migration Mean ± Std (s),Overhead Mean ± Std (s),Goodput Baseline (Mbps),Goodput Migration (Mbps),Rel Overhead (%)
100,0.1%,69.05 ± 5.76,61.47 ± 9.19,-7.58 ± 11.44,12.15,13.65,-10.98%
100,0.5%,177.84 ± 7.59,169.88 ± 10.98,-7.96 ± 14.57,4.72,4.94,-4.48%
100,1.0%,265.53 ± 6.54,257.66 ± 12.79,-7.87 ± 16.19,3.16,3.26,-2.96%
100,2.0%,396.86 ± 11.46,393.62 ± 12.07,-3.24 ± 18.83,2.11,2.13,-0.82%
100,5.0%,740.41 ± 8.74,742.91 ± 12.35,2.50 ± 17.00,1.13,1.13,0.34%
200,0.1%,145.25 ± 12.02,133.51 ± 6.61,-11.74 ± 12.76,11.55,12.57,-8.08%
200,0.5%,375.42 ± 7.66,364.97 ± 6.89,-10.46 ± 11.82,4.47,4.60,-2.79%
200,1.0%,536.66 ± 13.75,532.31 ± 10.50,-4.36 ± 18.55,3.13,3.15,-0.81%
200,2.0%,804.54 ± 19.24,800.24 ± 18.99,-4.30 ± 26.78,2.09,2.10,-0.53%
200,5.0%,1486.70 ± 13.30,1490.93 ± 19.24,4.23 ± 26.40,1.13,1.13,0.28%
