Payload (MB),One-Way Latency (ms),RTT (ms),Baseline Mean ± Std (s),Migration Mean ± Std (s),Overhead Mean ± Std (s),95% CI (s),Rel Overhead (%),Effective Goodput (Mbps)
100,10,20,20.264 ± 0.227,20.772 ± 0.207,0.508 ± 0.296,± 0.184,2.51%,41.40
100,20,40,22.388 ± 0.577,23.246 ± 0.089,0.859 ± 0.562,± 0.349,3.84%,37.47
100,40,80,25.050 ± 1.287,27.691 ± 3.134,2.641 ± 4.037,± 2.502,10.54%,33.49
100,80,160,36.896 ± 0.071,43.883 ± 0.245,6.987 ± 0.230,± 0.142,18.94%,22.74
100,160,320,46.809 ± 0.129,55.270 ± 0.111,8.462 ± 0.170,± 0.106,18.08%,17.92
200,10,20,40.045 ± 0.136,40.404 ± 0.318,0.359 ± 0.394,± 0.244,0.90%,41.90
200,20,40,43.552 ± 0.397,44.581 ± 0.484,1.029 ± 0.673,± 0.417,2.36%,38.52
200,40,80,48.335 ± 2.696,50.007 ± 1.263,1.671 ± 2.502,± 1.551,3.46%,34.71
200,80,160,61.626 ± 3.069,73.827 ± 0.705,12.201 ± 3.129,± 1.940,19.80%,27.22
200,160,320,86.518 ± 12.968,96.483 ± 9.334,9.965 ± 17.028,± 10.554,11.52%,19.39
