sweep_category,payload_mb,latency_ms,jitter_ms,loss_pct,baseline_cubic_s,baseline_reno_s,baseline_delta_s,baseline_speedup_ratio,migration_cubic_s,migration_reno_s,migration_delta_s,migration_speedup_ratio,overhead_cubic_s,overhead_reno_s,overhead_delta_s,goodput_cubic_mbps,goodput_reno_mbps,goodput_delta_mbps,p_value_migration,p_value_overhead,significant_p05
jitter,100,40.0,2.0,0.0,21.316,25.038,+3.722,1.175,23.903,28.635,+4.732,1.198,2.587,3.597,+1.010,39.35,33.50,+5.85,4.3190e-07,2.2421e-01,Yes
jitter,100,40.0,5.0,0.0,23.083,25.144,+2.061,1.089,25.679,30.845,+5.165,1.201,2.596,5.701,+3.105,36.34,33.36,+2.98,4.9630e-04,8.4612e-02,Yes
jitter,100,40.0,10.0,0.0,24.658,27.714,+3.056,1.124,28.055,31.473,+3.418,1.122,3.398,3.760,+0.362,34.02,30.27,+3.75,2.2592e-02,8.6522e-01,Yes
jitter,100,40.0,20.0,0.0,28.140,29.236,+1.096,1.039,30.414,32.784,+2.370,1.078,2.275,3.548,+1.274,29.81,28.69,+1.12,6.1050e-02,5.9594e-01,No
jitter,200,40.0,2.0,0.0,40.930,46.422,+5.492,1.134,43.927,50.457,+6.530,1.149,2.998,4.036,+1.038,40.99,36.14,+4.85,1.6710e-06,3.3792e-01,Yes
jitter,200,40.0,5.0,0.0,43.870,46.847,+2.978,1.068,46.534,51.909,+5.374,1.115,2.665,5.062,+2.397,38.24,35.81,+2.43,5.1878e-04,5.5761e-02,Yes
jitter,200,40.0,10.0,0.0,47.211,51.039,+3.828,1.081,50.873,54.381,+3.508,1.069,3.662,3.342,-0.320,35.54,32.87,+2.67,3.4020e-02,8.7108e-01,Yes
jitter,200,40.0,20.0,0.0,52.773,53.137,+0.364,1.007,55.107,57.056,+1.949,1.035,2.334,3.919,+1.585,31.79,31.57,+0.22,5.4198e-01,7.1357e-01,No
latency,100,10.0,0.0,0.0,18.386,20.264,+1.878,1.102,18.874,20.772,+1.897,1.101,0.489,0.508,+0.019,45.63,41.40,+4.23,6.0660e-12,8.4871e-01,Yes
latency,100,20.0,0.0,0.0,19.557,22.388,+2.830,1.145,20.636,23.246,+2.611,1.127,1.078,0.859,-0.219,42.89,37.47,+5.42,2.4654e-20,2.6077e-01,Yes
latency,100,40.0,0.0,0.0,21.995,25.050,+3.055,1.139,23.787,27.691,+3.904,1.164,1.792,2.641,+0.849,38.14,33.49,+4.65,3.2896e-03,5.5362e-01,Yes
latency,100,80.0,0.0,0.0,26.433,36.896,+10.463,1.396,32.017,43.883,+11.866,1.371,5.584,6.987,+1.404,31.74,22.74,+9.00,1.3494e-09,6.6801e-02,Yes
latency,100,160.0,0.0,0.0,31.508,46.809,+15.300,1.486,38.769,55.270,+16.502,1.426,7.260,8.462,+1.202,26.62,17.92,+8.70,1.4526e-12,1.4917e-01,Yes
latency,200,10.0,0.0,0.0,36.339,40.045,+3.707,1.102,36.774,40.404,+3.630,1.099,0.435,0.359,-0.076,46.17,41.90,+4.27,2.1646e-11,5.6022e-01,Yes
latency,200,20.0,0.0,0.0,37.940,43.552,+5.612,1.148,39.091,44.581,+5.491,1.140,1.150,1.029,-0.121,44.22,38.52,+5.70,1.5639e-14,6.1515e-01,Yes
latency,200,40.0,0.0,0.0,45.366,48.335,+2.969,1.065,46.024,50.007,+3.982,1.087,0.658,1.671,+1.013,36.98,34.71,+2.27,1.6191e-04,4.5520e-01,Yes
latency,200,80.0,0.0,0.0,47.618,61.626,+14.008,1.294,52.194,73.827,+21.633,1.414,4.576,12.201,+7.625,35.23,27.22,+8.01,2.7118e-12,4.5838e-05,Yes
latency,200,160.0,0.0,0.0,58.293,86.518,+28.224,1.484,65.280,96.483,+31.202,1.478,6.987,9.965,+2.978,28.78,19.39,+9.39,2.7066e-07,6.1229e-01,Yes
loss,100,20.0,0.0,0.1,69.053,73.570,+4.517,1.065,61.474,61.294,-0.179,0.997,-7.579,-12.276,-4.696,12.15,11.40,+0.75,9.6154e-01,3.6746e-01,No
loss,100,20.0,0.0,0.5,177.843,175.635,-2.208,0.988,169.881,163.945,-5.935,0.965,-7.962,-11.690,-3.728,4.72,4.78,-0.06,1.7799e-01,4.9073e-01,No
loss,100,20.0,0.0,1.0,265.528,250.061,-15.467,0.942,257.656,242.082,-15.574,0.940,-7.872,-7.979,-0.107,3.16,3.35,-0.20,4.0855e-03,9.8484e-01,Yes
loss,100,20.0,0.0,2.0,396.855,360.676,-36.180,0.909,393.618,358.238,-35.379,0.910,-3.238,-2.437,+0.800,2.11,2.33,-0.21,2.3012e-06,9.0188e-01,Yes
loss,100,20.0,0.0,5.0,740.412,629.940,-110.472,0.851,742.910,616.861,-126.050,0.830,2.499,-13.079,-15.578,1.13,1.33,-0.20,9.7782e-15,5.6885e-02,Yes
loss,200,20.0,0.0,0.1,145.249,145.959,+0.710,1.005,133.509,137.634,+4.124,1.031,-11.740,-8.325,+3.415,11.55,11.49,+0.06,1.9623e-01,6.0039e-01,No
loss,200,20.0,0.0,0.5,375.425,360.249,-15.176,0.960,364.965,349.151,-15.814,0.957,-10.459,-11.098,-0.638,4.47,4.66,-0.19,4.4396e-04,9.0309e-01,Yes
loss,200,20.0,0.0,1.0,536.662,505.173,-31.489,0.941,532.306,500.900,-31.406,0.941,-4.356,-4.273,+0.084,3.13,3.32,-0.19,1.2183e-06,9.9143e-01,Yes
loss,200,20.0,0.0,2.0,804.544,725.906,-78.638,0.902,800.244,724.035,-76.209,0.905,-4.300,-1.871,+2.429,2.09,2.31,-0.23,2.6539e-08,8.0745e-01,Yes
loss,200,20.0,0.0,5.0,1486.701,1259.172,-227.529,0.847,1490.930,1247.597,-243.334,0.837,4.230,-11.575,-15.804,1.13,1.33,-0.20,1.2923e-14,9.7884e-02,Yes
