Payload (MB),Latency (ms),RTT (ms),Baseline CUBIC (s),Baseline Reno (s),Baseline Delta (s),Migration CUBIC (s),Migration Reno (s),Migration Delta (s),Overhead CUBIC (s),Overhead Reno (s),Overhead Delta (s),CUBIC Advantage (%)
100,10,20,18.386,20.264,+1.878,18.874,20.772,+1.897,0.489,0.508,+0.019,+10.2%
100,20,40,19.557,22.388,+2.830,20.636,23.246,+2.611,1.078,0.859,-0.219,+14.5%
100,40,80,21.995,25.050,+3.055,23.787,27.691,+3.904,1.792,2.641,+0.849,+13.9%
100,80,160,26.433,36.896,+10.463,32.017,43.883,+11.866,5.584,6.987,+1.404,+39.6%
100,160,320,31.508,46.809,+15.300,38.769,55.270,+16.502,7.260,8.462,+1.202,+48.6%
200,10,20,36.339,40.045,+3.707,36.774,40.404,+3.630,0.435,0.359,-0.076,+10.2%
200,20,40,37.940,43.552,+5.612,39.091,44.581,+5.491,1.150,1.029,-0.121,+14.8%
200,40,80,45.366,48.335,+2.969,46.024,50.007,+3.982,0.658,1.671,+1.013,+6.5%
200,80,160,47.618,61.626,+14.008,52.194,73.827,+21.633,4.576,12.201,+7.625,+29.4%
200,160,320,58.293,86.518,+28.224,65.280,96.483,+31.202,6.987,9.965,+2.978,+48.4%
