Payload (MB),Packet Loss (%),Baseline CUBIC (s),Baseline Reno (s),Goodput CUBIC (Mbps),Goodput Reno (Mbps),Goodput Delta (Mbps),Overhead CUBIC (s),Overhead Reno (s),Overhead Delta (s)
100,0.1%,69.053,73.570,12.15,11.40,+0.75,-7.579,-12.276,-4.696
100,0.5%,177.843,175.635,4.72,4.78,-0.06,-7.962,-11.690,-3.728
100,1.0%,265.528,250.061,3.16,3.35,-0.20,-7.872,-7.979,-0.107
100,2.0%,396.855,360.676,2.11,2.33,-0.21,-3.238,-2.437,+0.800
100,5.0%,740.412,629.940,1.13,1.33,-0.20,2.499,-13.079,-15.578
200,0.1%,145.249,145.959,11.55,11.49,+0.06,-11.740,-8.325,+3.415
200,0.5%,375.425,360.249,4.47,4.66,-0.19,-10.459,-11.098,-0.638
200,1.0%,536.662,505.173,3.13,3.32,-0.19,-4.356,-4.273,+0.084
200,2.0%,804.544,725.906,2.09,2.31,-0.23,-4.300,-1.871,+2.429
200,5.0%,1486.701,1259.172,1.13,1.33,-0.20,4.230,-11.575,-15.804
