sweep_category,test_name,file_size_mb,cwnd_mode,rate,latency,jitter,loss,rtt_ms,iterations,baseline_mean_s,baseline_std_s,baseline_median_s,baseline_ci95_s,migration_mean_s,migration_std_s,migration_median_s,migration_ci95_s,overhead_mean_s,overhead_std_s,overhead_median_s,overhead_ci95_s,relative_overhead_pct,goodput_baseline_mbps,goodput_migration_mbps
jitter,sweep_jitter_sweep_40ms_10ms_0_100MB,100,cubic,50mbit,40ms,10ms,0%,80.0,10,24.6578,3.6050,24.9129,2.2344,28.0554,2.7574,27.4844,1.7091,3.3976,5.5611,4.1944,3.4468,13.78,34.02,29.90
jitter,sweep_jitter_sweep_40ms_10ms_0_200MB,200,cubic,50mbit,40ms,10ms,0%,80.0,10,47.2108,3.5252,46.3847,2.1850,50.8726,3.6120,50.3543,2.2388,3.6618,5.8947,5.0606,3.6536,7.76,35.54,32.98
jitter,sweep_jitter_sweep_40ms_20ms_0_100MB,100,cubic,50mbit,40ms,20ms,0%,80.0,10,28.1399,4.2574,27.5060,2.6388,30.4145,2.7329,30.7424,1.6939,2.2745,5.8299,1.9709,3.6134,8.08,29.81,27.58
jitter,sweep_jitter_sweep_40ms_20ms_0_200MB,200,cubic,50mbit,40ms,20ms,0%,80.0,10,52.7732,6.4292,50.1621,3.9849,55.1071,7.7681,53.9948,4.8147,2.3339,12.3164,1.4663,7.6338,4.42,31.79,30.44
jitter,sweep_jitter_sweep_40ms_2ms_0_100MB,100,cubic,50mbit,40ms,2ms,0%,80.0,10,21.3158,0.9794,20.8318,0.6070,23.9031,1.2985,23.6299,0.8048,2.5874,1.2396,2.6261,0.7683,12.14,39.35,35.09
jitter,sweep_jitter_sweep_40ms_2ms_0_200MB,200,cubic,50mbit,40ms,2ms,0%,80.0,10,40.9296,1.0536,40.6390,0.6530,43.9272,2.0137,43.3932,1.2481,2.9977,2.1326,3.0751,1.3218,7.32,40.99,38.19
jitter,sweep_jitter_sweep_40ms_5ms_0_100MB,100,cubic,50mbit,40ms,5ms,0%,80.0,10,23.0829,3.2560,21.1637,2.0181,25.6791,2.4089,25.5946,1.4930,2.5962,3.1558,2.1765,1.9560,11.25,36.34,32.67
jitter,sweep_jitter_sweep_40ms_5ms_0_200MB,200,cubic,50mbit,40ms,5ms,0%,80.0,10,43.8695,2.5960,44.7376,1.6090,46.5345,3.2972,45.3511,2.0436,2.6649,2.9375,3.4178,1.8207,6.07,38.24,36.05
latency,sweep_latency_sweep_10ms_0ms_0_100MB,100,cubic,50mbit,10ms,0ms,0%,20.0,10,18.3857,0.0364,18.3747,0.0226,18.8744,0.0824,18.8665,0.0511,0.4887,0.0771,0.4802,0.0478,2.66,45.63,44.44
latency,sweep_latency_sweep_10ms_0ms_0_200MB,200,cubic,50mbit,10ms,0ms,0%,20.0,10,36.3389,0.0432,36.3392,0.0268,36.7741,0.0501,36.7571,0.0311,0.4352,0.0664,0.4117,0.0411,1.20,46.17,45.62
latency,sweep_latency_sweep_160ms_0ms_0_100MB,100,cubic,50mbit,160ms,0ms,0%,320.0,10,31.5083,2.0650,30.7418,1.2799,38.7686,1.0294,38.1704,0.6380,7.2603,2.4052,7.6806,1.4907,23.04,26.62,21.64
latency,sweep_latency_sweep_160ms_0ms_0_200MB,200,cubic,50mbit,160ms,0ms,0%,320.0,10,58.2934,1.8505,58.1460,1.1470,65.2803,4.8583,63.8245,3.0112,6.9870,6.0281,5.3040,3.7363,11.99,28.78,25.70
latency,sweep_latency_sweep_20ms_0ms_0_100MB,100,cubic,50mbit,20ms,0ms,0%,40.0,10,19.5574,0.1104,19.6010,0.0684,20.6356,0.1193,20.6591,0.0740,1.0783,0.1548,1.0391,0.0959,5.51,42.89,40.65
latency,sweep_latency_sweep_20ms_0ms_0_200MB,200,cubic,50mbit,20ms,0ms,0%,40.0,10,37.9403,0.1975,38.0206,0.1224,39.0906,0.2753,39.1076,0.1707,1.1503,0.3137,1.1351,0.1944,3.03,44.22,42.92
latency,sweep_latency_sweep_40ms_0ms_0_100MB,100,cubic,50mbit,40ms,0ms,0%,80.0,10,21.9948,1.3129,21.4732,0.8137,23.7873,1.0177,23.4707,0.6308,1.7925,1.7712,1.9886,1.0978,8.15,38.14,35.27
latency,sweep_latency_sweep_40ms_0ms_0_200MB,200,cubic,50mbit,40ms,0ms,0%,80.0,10,45.3660,3.9772,45.5115,2.4651,46.0244,2.1565,45.7159,1.3366,0.6584,3.3602,0.3556,2.0826,1.45,36.98,36.45
latency,sweep_latency_sweep_80ms_0ms_0_100MB,100,cubic,50mbit,80ms,0ms,0%,160.0,10,26.4332,1.3547,26.4164,0.8397,32.0171,1.6114,32.9440,0.9988,5.5839,2.1238,6.2938,1.3163,21.12,31.74,26.20
latency,sweep_latency_sweep_80ms_0ms_0_200MB,200,cubic,50mbit,80ms,0ms,0%,160.0,10,47.6180,3.2207,47.1723,1.9962,52.1940,2.0305,52.9181,1.2585,4.5760,3.2650,4.4797,2.0237,9.61,35.23,32.14
loss,sweep_loss_sweep_20ms_0ms_01_100MB,100,cubic,50mbit,20ms,0ms,0.1%,40.0,10,69.0530,5.7609,69.3611,3.5707,61.4737,9.1870,61.6612,5.6941,-7.5793,11.4367,-7.9440,7.0886,-10.98,12.15,13.65
loss,sweep_loss_sweep_20ms_0ms_01_200MB,200,cubic,50mbit,20ms,0ms,0.1%,40.0,10,145.2488,12.0250,149.4584,7.4532,133.5091,6.6068,135.1559,4.0949,-11.7397,12.7596,-15.6682,7.9085,-8.08,11.55,12.57
loss,sweep_loss_sweep_20ms_0ms_05_100MB,100,cubic,50mbit,20ms,0ms,0.5%,40.0,10,177.8428,7.5913,177.1679,4.7052,169.8808,10.9753,166.4545,6.8026,-7.9620,14.5688,-10.8373,9.0298,-4.48,4.72,4.94
loss,sweep_loss_sweep_20ms_0ms_05_200MB,200,cubic,50mbit,20ms,0ms,0.5%,40.0,10,375.4248,7.6600,375.1631,4.7477,364.9654,6.8921,365.7053,4.2718,-10.4594,11.8205,-13.3682,7.3264,-2.79,4.47,4.60
loss,sweep_loss_sweep_20ms_0ms_1_100MB,100,cubic,50mbit,20ms,0ms,1%,40.0,10,265.5275,6.5424,268.1485,4.0550,257.6558,12.7922,257.0327,7.9287,-7.8717,16.1859,-8.4469,10.0321,-2.96,3.16,3.26
loss,sweep_loss_sweep_20ms_0ms_1_200MB,200,cubic,50mbit,20ms,0ms,1%,40.0,10,536.6619,13.7543,539.2025,8.5250,532.3056,10.4950,532.4780,6.5049,-4.3563,18.5461,-0.2602,11.4950,-0.81,3.13,3.15
loss,sweep_loss_sweep_20ms_0ms_2_100MB,100,cubic,50mbit,20ms,0ms,2%,40.0,10,396.8554,11.4599,400.9035,7.1029,393.6176,12.0734,394.6399,7.4832,-3.2377,18.8271,-2.7020,11.6692,-0.82,2.11,2.13
loss,sweep_loss_sweep_20ms_0ms_2_200MB,200,cubic,50mbit,20ms,0ms,2%,40.0,10,804.5443,19.2370,804.2230,11.9232,800.2441,18.9911,805.6627,11.7708,-4.3003,26.7803,-4.2495,16.5986,-0.53,2.09,2.10
loss,sweep_loss_sweep_20ms_0ms_5_100MB,100,cubic,50mbit,20ms,0ms,5%,40.0,10,740.4116,8.7390,743.9325,5.4165,742.9104,12.3491,747.1217,7.6540,2.4987,17.0035,3.8709,10.5389,0.34,1.13,1.13
loss,sweep_loss_sweep_20ms_0ms_5_200MB,200,cubic,50mbit,20ms,0ms,5%,40.0,10,1486.7008,13.3002,1485.6245,8.2436,1490.9304,19.2449,1492.7979,11.9281,4.2296,26.4010,-0.2577,16.3635,0.28,1.13,1.13
